GMT,Max TemperatureF,Mean TemperatureF,Min TemperatureF,Max Dew PointF,MeanDew PointF,Min DewpointF,Max Humidity, Mean Humidity, Min Humidity, Max Sea Level PressureIn, Mean Sea Level PressureIn, Min Sea Level PressureIn, Max VisibilityMiles, Mean VisibilityMiles, Min VisibilityMiles, Max Wind SpeedMPH, Mean Wind SpeedMPH, Max Gust SpeedMPH,PrecipitationIn, CloudCover, Events, WindDirDegrees
2012-1-1,55,52,46,52,49,43,100,87,77,29.77,29.67,29.53,6,6,3,15,11,,0.00,5,Rain,227
2012-1-2,46,44,42,41,37,34,87,75,62,29.92,29.78,29.62,6,6,6,18,12,,0.00,1,,239
2012-1-3,55,48,42,52,42,32,88,77,57,29.86,29.61,29.36,6,6,3,31,19,46,0.00,5,Rain,232
2012-1-4,50,46,42,45,37,32,87,73,61,30.12,29.93,29.59,6,6,4,29,19,41,0.00,5,Rain,249
2012-1-5,53,48,44,46,39,36,82,69,58,30.04,29.66,29.44,6,6,4,32,25,47,0.00,4,Rain,281
2012-1-6,50,44,41,45,38,36,87,76,66,30.33,30.22,30.06,6,6,6,16,11,,0.00,4,,271
2012-1-7,51,48,46,46,40,36,87,70,58,30.24,30.16,30.04,6,6,6,18,14,,0.00,5,,269
2012-1-8,50,48,46,45,40,37,87,71,66,30.36,30.31,30.24,6,6,6,14,11,,0.00,7,,267
2012-1-9,53,50,48,46,45,43,87,79,72,30.51,30.40,30.33,6,6,4,15,10,,0.00,6,,253
2012-1-10,51,50,48,46,46,43,93,83,76,30.51,30.51,30.48,6,6,6,13,9,,0.00,6,,245
2012-1-11,51,48,46,46,43,39,82,79,71,30.54,30.49,30.42,6,6,6,14,10,,0.00,5,,245
2012-1-12,55,48,41,46,42,37,87,78,62,30.45,30.34,30.27,6,6,6,18,13,,0.00,5,Rain,269
2012-1-13,42,38,33,36,34,32,93,83,70,30.54,30.50,30.45,6,6,6,8,5,,0.00,1,,316
2012-1-14,42,36,30,34,32,30,100,87,66,30.51,30.41,30.33,6,5,4,6,2,,0.00,5,Fog,87
2012-1-15,42,38,33,34,32,30,93,80,61,30.33,30.26,30.24,6,6,5,13,5,,0.00,3,,95
2012-1-16,42,38,33,32,31,28,93,78,57,30.36,30.29,30.24,6,5,4,9,5,,0.00,,,85
2012-1-17,42,36,30,37,32,28,93,81,66,30.39,30.35,30.33,6,6,4,8,3,,0.00,5,,153
2012-1-18,53,47,41,50,46,39,94,89,87,30.33,30.23,30.15,6,5,2,14,9,,0.00,6,Rain,229
2012-1-19,53,48,44,52,44,36,94,82,62,30.15,30.06,30.01,6,6,2,22,13,28,0.00,4,Rain,261
2012-1-20,50,46,42,43,39,34,82,75,70,30.12,30.08,30.01,6,6,5,21,16,28,0.00,5,Rain,258
2012-1-21,53,50,46,48,41,34,88,71,54,30.01,29.89,29.80,6,6,6,28,16,39,0.00,5,Rain,264
2012-1-22,53,48,42,41,36,34,76,65,50,30.06,29.94,29.86,6,6,6,24,15,33,0.00,4,,268
2012-1-23,46,44,39,37,36,34,87,73,66,30.15,30.08,30.04,6,6,6,15,11,,0.00,1,,268
2012-1-24,50,44,37,48,42,36,100,91,87,30.18,30.09,30.01,6,5,2,10,7,,0.00,6,Rain,230
2012-1-25,50,49,48,48,45,41,94,86,76,30.06,29.98,29.83,6,6,1,16,8,,0.00,6,Rain,222
2012-1-26,50,44,39,45,38,32,93,76,54,29.98,29.80,29.71,6,6,4,21,11,,0.00,4,Rain,211
2012-1-27,48,44,39,36,34,30,87,73,53,30.18,30.09,29.98,6,6,6,13,8,,0.00,2,,239
2012-1-28,42,38,35,37,36,34,93,85,76,30.48,30.36,30.18,6,6,3,8,5,,0.00,5,,348
2012-1-29,39,37,35,36,34,30,100,91,81,30.48,30.44,30.39,6,4,1,12,4,,0.00,6,Rain,51
2012-1-30,39,36,33,34,31,27,93,80,61,30.36,30.29,30.21,6,5,2,7,3,,0.00,5,Rain,360
2012-1-31,35,34,32,32,30,27,93,85,75,30.39,30.31,30.24,6,4,2,10,4,,0.00,5,Rain-Snow,38
2012-2-1,37,34,30,28,24,19,81,68,48,30.57,30.50,30.39,6,6,5,18,10,29,0.00,4,,47
2012-2-2,33,30,28,21,18,14,74,60,44,30.66,30.60,30.57,6,6,6,18,8,,0.00,1,,43
2012-2-3,35,32,28,25,22,18,80,69,55,30.71,30.69,30.63,6,6,6,9,6,,0.00,3,,343
2012-2-4,33,30,26,32,25,21,100,81,70,30.69,30.59,30.27,6,5,1,14,5,,0.00,5,Snow,159
2012-2-5,35,34,32,34,33,32,100,93,87,30.48,30.34,30.21,6,4,0,6,4,,0.00,6,Rain-Snow,139
2012-2-6,37,34,32,36,33,32,100,94,87,30.60,30.51,30.45,6,2,0,7,3,,0.00,6,Fog-Rain,91
2012-2-7,35,30,26,34,25,18,100,77,60,30.80,30.72,30.60,6,5,1,13,6,,0.00,5,,74
2012-2-8,33,30,28,28,26,21,87,80,74,30.77,30.73,30.71,6,6,6,10,7,,0.00,7,Snow,30
2012-2-9,35,32,30,32,28,25,100,82,70,30.74,30.69,30.66,6,5,1,8,4,,0.00,6,Snow,84
2012-2-10,35,30,26,30,26,19,93,80,56,30.69,30.67,30.63,6,5,3,10,5,23,0.00,4,Rain-Snow,93
2012-2-11,33,27,21,25,22,19,93,80,65,30.63,30.62,30.60,6,5,3,6,3,,0.00,3,,8
2012-2-12,41,32,24,37,30,23,93,88,80,30.63,30.54,30.51,6,5,2,8,3,,0.00,5,Rain,284
2012-2-13,42,38,33,41,36,34,100,88,76,30.51,30.32,30.18,6,5,2,14,6,,0.00,5,Rain,288
2012-2-14,46,42,39,39,36,34,87,76,66,30.30,30.24,30.18,6,6,6,14,10,,0.00,4,Rain,314
2012-2-15,50,47,44,41,38,36,87,71,62,30.36,30.27,30.18,6,6,6,17,12,29,0.00,5,Rain,308
2012-2-16,50,46,42,39,38,36,81,71,58,30.36,30.33,30.27,6,6,6,14,8,,0.00,4,Rain,272
2012-2-17,53,48,44,46,44,41,93,82,76,30.27,30.20,30.06,6,6,6,14,9,,0.00,5,Rain,241
2012-2-18,51,45,39,45,38,30,87,73,58,30.06,29.89,29.74,6,6,6,22,15,36,0.00,6,Rain,252
2012-2-19,42,38,33,30,27,21,75,62,42,30.51,30.25,29.98,6,6,6,15,11,,0.00,2,,298
2012-2-20,48,40,32,37,28,25,81,64,43,30.51,30.47,30.42,6,6,6,15,6,,0.00,3,,225
2012-2-21,53,48,42,43,39,37,82,72,54,30.39,30.38,30.36,6,6,6,17,12,,0.00,5,,240
2012-2-22,51,48,44,48,42,39,94,81,66,30.39,30.22,30.06,6,6,3,22,13,30,0.00,6,Rain,223
2012-2-23,62,56,50,52,50,46,94,81,63,30.30,30.20,30.09,6,6,6,18,11,,0.00,4,,251
2012-2-24,59,54,50,48,47,45,88,80,63,30.39,30.33,30.30,6,6,6,16,12,,0.00,5,,258
2012-2-25,53,48,44,43,37,36,81,66,51,30.39,30.34,30.27,6,6,6,10,5,,0.00,5,,308
2012-2-26,55,47,39,41,38,34,87,71,51,30.39,30.36,30.33,6,6,6,7,4,,0.00,3,,256
2012-2-27,51,48,44,46,43,37,93,81,76,30.33,30.26,30.21,6,6,4,14,9,,0.00,5,Rain,246
2012-2-28,57,54,50,50,48,46,94,84,72,30.27,30.23,30.21,6,5,3,10,8,,0.00,6,,252
2012-2-29,55,52,50,48,47,46,94,82,72,30.27,30.26,30.24,6,5,2,9,6,,0.00,5,,235
2012-3-1,60,53,46,46,44,41,87,76,55,30.36,30.30,30.24,6,4,3,7,4,,0.00,2,,254
2012-3-2,46,44,41,43,42,39,100,92,81,30.36,30.28,30.12,5,2,0,12,4,,0.00,6,Fog-Rain,88
2012-3-3,57,50,44,46,43,34,100,81,41,30.15,30.09,30.06,6,4,0,14,6,,0.00,5,Fog-Rain,198
2012-3-4,50,44,39,45,40,32,93,85,70,30.15,30.01,29.86,6,6,5,26,9,33,0.00,5,Rain,229
2012-3-5,48,44,39,34,31,27,81,63,43,30.21,30.13,30.06,6,6,6,25,20,37,0.00,4,Rain,312
2012-3-6,46,42,39,37,35,34,87,78,70,30.33,30.27,30.21,6,6,6,16,10,,0.00,6,,303
2012-3-7,51,46,42,48,39,32,93,76,61,30.21,30.04,29.83,6,6,2,20,12,29,0.00,4,Rain,247
2012-3-8,51,45,39,37,35,32,76,65,50,30.57,30.44,30.21,6,6,6,14,10,,0.00,2,,263
2012-3-9,51,48,44,45,42,37,82,74,66,30.57,30.55,30.54,6,6,6,15,9,,0.00,5,,245
2012-3-10,59,54,48,48,46,45,93,79,63,30.66,30.60,30.57,6,6,3,12,9,,0.00,3,,272
2012-3-11,59,52,44,46,44,43,93,79,59,30.66,30.62,30.57,6,5,3,6,3,,0.00,5,,285
2012-3-12,53,47,41,45,43,39,93,87,72,30.60,30.57,30.54,6,4,1,9,3,,0.00,5,,55
2012-3-13,50,46,42,43,41,39,93,85,71,30.57,30.56,30.54,6,5,2,9,4,,0.00,7,,91
2012-3-14,51,46,41,41,39,37,93,80,66,30.54,30.46,30.39,6,4,1,9,6,,0.00,8,,93
2012-3-15,62,48,35,46,41,36,100,81,51,30.36,30.25,30.15,6,2,0,13,5,,0.00,6,Fog-Rain-Snow,168
2012-3-16,50,49,48,43,40,37,76,72,62,30.18,30.08,29.98,6,5,3,15,11,,0.00,7,,235
2012-3-17,51,48,46,48,44,41,94,84,76,29.98,29.91,29.86,6,5,3,12,7,,0.00,4,Rain,208
2012-3-18,48,44,41,43,39,37,93,80,66,30.33,30.04,29.86,6,6,4,12,7,,0.00,3,Rain,291
2012-3-19,55,46,37,37,34,32,93,65,41,30.57,30.48,30.33,6,6,5,13,6,,0.00,4,,254
2012-3-20,57,49,41,43,40,36,87,68,55,30.57,30.55,30.51,6,6,6,12,7,,0.00,2,,252
2012-3-21,59,50,42,43,41,39,93,70,51,30.60,30.54,30.48,6,6,4,14,4,,0.00,5,,70
2012-3-22,59,50,41,45,42,39,93,78,48,30.51,30.40,30.33,6,3,2,13,8,,0.00,,,80
2012-3-23,66,54,42,50,45,41,93,78,46,30.36,30.32,30.30,6,3,1,9,4,,0.00,3,,83
2012-3-24,62,52,42,50,44,41,100,80,52,30.45,30.39,30.33,6,3,0,12,5,,0.00,5,Fog,91
2012-3-25,53,46,39,45,40,39,100,87,67,30.60,30.54,30.45,6,3,0,9,5,,0.00,5,Fog-Rain,80
2012-3-26,62,50,37,45,40,30,100,74,34,30.63,30.61,30.60,6,3,0,13,7,,0.00,5,Fog,86
2012-3-27,62,52,41,37,34,23,76,54,30,30.66,30.61,30.57,6,6,6,10,5,,0.00,,,80
2012-3-28,69,56,42,43,35,28,76,51,23,30.57,30.49,30.39,6,6,6,8,2,16,0.00,,,38
2012-3-29,64,56,48,45,41,37,76,58,40,30.39,30.35,30.30,6,6,5,9,4,,0.00,,,315
2012-3-30,64,55,46,46,44,41,87,69,49,30.30,30.23,30.12,6,5,3,10,5,,0.00,5,,305
2012-3-31,51,48,42,43,38,30,87,69,50,30.21,30.12,30.04,6,6,4,14,8,,0.00,6,,3
2012-4-1,55,46,37,34,31,25,87,59,33,30.21,30.14,30.01,6,6,6,8,4,,0.00,2,,345
2012-4-2,59,50,42,39,35,32,76,58,36,30.01,29.85,29.71,6,6,6,9,4,,0.00,1,,246
2012-4-3,55,50,44,45,41,39,93,71,54,29.71,29.62,29.53,6,6,4,10,4,,0.00,3,Rain-Thunderstorm,254
2012-4-4,50,46,41,45,37,32,93,73,50,30.01,29.74,29.56,6,6,3,14,7,,0.00,4,Rain,130
2012-4-5,48,44,39,41,37,32,87,75,58,30.12,30.08,30.01,6,5,3,14,9,,0.00,7,,54
2012-4-6,53,43,33,41,33,28,87,66,43,30.12,29.99,29.86,6,6,6,14,4,,0.00,5,Rain,311
2012-4-7,50,47,44,45,39,34,93,73,58,30.01,29.90,29.83,6,6,3,10,7,,0.00,6,,353
2012-4-8,57,50,44,48,43,34,100,78,66,29.98,29.89,29.74,6,6,2,15,5,,0.00,5,Rain,238
2012-4-9,51,50,48,48,46,43,94,87,76,29.74,29.44,29.12,6,6,4,18,12,30,0.00,5,Rain,223
2012-4-10,55,50,44,48,38,32,88,66,41,29.36,29.24,29.12,6,6,6,18,13,,0.00,2,Rain-Thunderstorm,238
2012-4-11,55,48,41,41,37,34,81,68,47,29.56,29.44,29.36,6,6,6,10,6,,0.00,3,Rain,234
2012-4-12,53,48,42,41,40,37,87,77,54,29.68,29.62,29.56,6,6,6,10,5,,0.00,3,Rain-Thunderstorm,240
2012-4-13,53,46,39,43,40,36,100,81,54,29.71,29.68,29.65,6,4,0,9,3,16,0.00,4,Fog-Thunderstorm,57
2012-4-14,51,46,41,43,37,27,93,70,38,29.92,29.77,29.68,6,6,2,13,6,,0.00,4,Rain,33
2012-4-15,48,42,37,36,33,27,87,67,43,30.30,30.11,29.95,6,6,6,15,9,25,0.00,2,Rain,357
2012-4-16,51,43,35,34,29,23,87,59,33,30.33,30.25,30.09,6,6,6,13,5,,0.00,1,,303
2012-4-17,57,50,42,45,37,28,93,68,41,30.06,29.58,29.33,6,6,5,24,12,32,0.00,4,Rain,211
2012-4-18,51,48,44,45,42,37,93,81,67,29.33,29.00,28.85,6,6,4,17,11,29,0.00,5,Rain,170
2012-4-19,51,48,44,45,43,41,93,85,76,29.24,29.06,28.91,6,6,3,14,11,,0.00,5,Rain,245
2012-4-20,55,48,42,43,40,37,93,77,51,29.39,29.33,29.24,6,6,5,18,9,24,0.00,3,Rain-Thunderstorm,236
2012-4-21,55,48,41,41,38,34,87,69,44,29.59,29.44,29.36,6,6,6,18,10,,0.00,3,Rain,250
2012-4-22,59,50,42,43,40,36,87,74,42,29.62,29.60,29.56,6,6,6,23,10,,0.00,3,Rain,239
2012-4-23,50,48,46,45,42,37,93,82,62,29.59,29.39,29.24,6,6,6,16,10,,0.00,5,Rain,131
2012-4-24,53,48,44,45,40,37,93,75,54,29.50,29.44,29.30,6,6,3,14,8,,0.00,5,Rain,325
2012-4-25,55,48,42,48,44,39,93,83,67,29.47,29.19,29.03,6,6,5,21,10,32,0.00,5,Rain,146
2012-4-26,57,52,48,46,43,39,87,72,51,29.65,29.36,29.09,6,6,4,23,15,38,0.00,4,Rain,206
2012-4-27,59,54,50,48,44,39,87,72,48,29.98,29.83,29.65,6,6,5,16,10,,0.00,4,Rain-Thunderstorm,224
2012-4-28,50,47,44,46,45,41,100,89,82,30.01,29.97,29.89,6,6,3,14,6,22,0.00,6,Rain,31
2012-4-29,60,51,42,52,44,41,94,81,55,29.86,29.68,29.59,6,6,2,17,12,31,0.00,5,Rain,83
2012-4-30,62,55,48,50,45,41,88,68,48,29.98,29.91,29.74,6,6,6,18,10,,0.00,1,Rain,105
2012-5-1,62,56,51,54,51,46,94,83,59,30.15,30.01,29.92,6,5,2,17,9,,0.00,5,Rain-Hail,80
2012-5-2,57,54,50,52,47,43,94,85,63,30.15,30.09,29.98,6,5,2,10,7,,0.00,6,Rain,340
2012-5-3,48,47,46,46,45,45,93,89,87,29.98,29.88,29.80,6,6,2,8,5,,0.00,6,Rain,3
2012-5-4,48,46,44,45,42,41,93,85,76,29.77,29.73,29.71,6,6,4,9,5,,0.00,6,Rain,3
2012-5-5,50,46,42,43,37,34,87,71,54,29.89,29.82,29.74,6,6,6,14,9,,0.00,5,Rain,38
2012-5-6,48,45,42,41,38,32,87,76,57,30.04,29.95,29.89,6,6,6,9,6,,0.00,6,Rain,48
2012-5-7,59,50,42,50,43,39,94,77,63,30.04,29.95,29.83,6,6,6,13,5,,0.00,4,Rain,141
2012-5-8,64,58,51,52,49,48,94,79,56,29.83,29.75,29.71,6,6,6,12,7,,0.00,4,Rain,198
2012-5-9,60,56,51,57,53,48,100,88,77,29.83,29.78,29.71,6,5,1,13,6,,0.00,6,Rain,198
2012-5-10,64,62,59,59,57,54,94,87,77,29.92,29.81,29.71,6,6,4,17,13,30,0.00,6,Rain,213
2012-5-11,60,55,50,54,43,34,82,62,42,30.51,30.17,29.92,6,6,6,22,14,28,0.00,4,,269
2012-5-12,57,50,44,41,36,30,76,58,36,30.66,30.62,30.51,6,6,6,12,8,24,0.00,3,,345
2012-5-13,62,53,44,43,39,34,81,59,36,30.63,30.42,30.18,6,6,6,15,6,,0.00,2,,223
2012-5-14,53,50,46,48,43,37,88,76,66,30.18,30.01,29.89,6,6,6,15,11,,0.00,4,Rain,230
2012-5-15,53,48,42,43,40,37,93,79,54,30.21,29.98,29.86,6,6,4,17,10,32,0.00,4,Rain,286
2012-5-16,57,49,41,41,36,32,87,61,38,30.30,30.26,30.21,6,6,6,13,8,,0.00,2,,284
2012-5-17,57,52,48,45,40,36,82,65,47,30.24,30.03,29.80,6,6,6,15,7,,0.00,1,,131
2012-5-18,60,55,50,52,47,43,88,74,59,29.80,29.66,29.62,6,6,6,12,9,,0.00,5,Rain,110
2012-5-19,62,56,50,52,48,45,94,76,55,29.89,29.81,29.71,6,6,4,10,7,,0.00,5,,266
2012-5-20,55,52,48,48,46,43,87,82,72,29.89,29.84,29.80,6,6,6,12,8,,0.00,7,,13
2012-5-21,59,54,50,54,49,46,88,83,72,29.83,29.80,29.77,6,6,4,15,9,,0.00,6,,335
2012-5-22,73,62,51,61,55,50,94,75,60,30.09,29.96,29.83,6,5,2,12,9,,0.00,6,,331
2012-5-23,75,65,55,63,57,52,94,76,57,30.27,30.19,30.09,6,5,3,7,5,,0.00,4,,337
2012-5-24,77,67,57,64,60,55,100,78,61,30.33,30.29,30.27,6,3,2,9,4,,0.00,5,,75
2012-5-25,73,66,59,59,53,43,94,65,35,30.27,30.22,30.18,6,4,2,21,8,,0.00,,,75
2012-5-26,75,67,59,55,50,41,88,58,31,30.18,30.13,30.09,6,6,4,21,11,,0.00,,,75
2012-5-27,77,67,57,55,50,45,77,57,32,30.12,30.08,30.06,6,6,6,16,7,,0.00,,,84
2012-5-28,80,68,57,59,54,52,82,62,39,30.09,30.05,30.01,6,6,5,14,4,,0.00,3,,70
2012-5-29,69,63,57,59,55,52,94,72,60,30.06,30.05,30.04,6,6,3,12,8,,0.00,4,,26
2012-5-30,75,65,55,57,53,50,94,67,41,30.06,30.05,30.04,6,5,2,12,6,,0.00,3,,220
2012-5-31,69,64,59,55,53,48,82,70,49,30.09,30.06,30.04,6,6,6,22,11,,0.00,3,Rain,259
2012-6-1,68,62,55,57,54,50,94,74,52,30.12,30.09,30.06,6,6,2,12,6,,0.00,5,Rain,358
2012-6-2,62,58,53,54,50,45,100,81,59,30.06,29.98,29.83,6,5,2,17,12,,0.00,6,Rain,86
2012-6-3,53,52,50,52,51,48,100,94,88,29.80,29.76,29.71,6,4,2,18,14,,0.00,6,Rain,86
2012-6-4,57,52,46,50,43,39,100,75,51,30.12,29.95,29.74,6,6,3,16,9,22,0.00,5,Rain,13
2012-6-5,59,52,46,52,47,43,94,79,55,30.12,29.96,29.68,6,6,5,15,6,,0.00,5,Rain,142
2012-6-6,66,60,55,55,52,50,94,78,60,29.68,29.60,29.56,6,6,4,17,9,,0.00,4,Rain,216
2012-6-7,64,60,55,57,53,48,94,83,67,29.62,29.48,29.33,6,6,3,25,9,31,0.00,4,Rain,172
2012-6-8,60,58,55,52,49,43,88,75,63,29.71,29.49,29.33,6,6,5,24,19,38,0.00,5,Rain,220
2012-6-9,66,60,53,48,42,37,77,57,37,29.89,29.81,29.71,6,6,6,22,17,31,0.00,4,Rain,253
2012-6-10,64,58,51,54,49,41,94,75,42,29.89,29.78,29.65,6,6,3,10,6,,0.00,4,Rain,134
2012-6-11,57,54,51,55,53,50,100,93,88,29.65,29.59,29.56,6,4,1,12,9,,0.00,6,Rain,28
2012-6-12,55,53,51,50,47,43,94,82,63,29.95,29.79,29.65,6,6,4,10,7,,0.00,6,Rain,2
2012-6-13,64,55,46,46,44,39,93,64,45,30.09,30.02,29.95,6,6,6,8,3,,0.00,1,,116
2012-6-14,64,56,48,52,47,41,88,72,45,30.09,30.01,29.86,6,6,6,20,9,,0.00,3,Rain,90
2012-6-15,64,60,55,55,51,46,94,75,52,29.86,29.77,29.74,6,6,4,20,12,31,0.00,3,Rain,194
2012-6-16,64,60,55,52,49,45,82,68,52,29.86,29.78,29.74,6,6,6,26,14,37,0.00,4,Rain,210
2012-6-17,68,62,55,52,48,45,82,64,46,30.06,30.01,29.89,6,6,6,17,13,,0.00,4,Rain,226
2012-6-18,66,60,53,52,48,43,88,69,45,30.12,30.03,29.95,6,6,6,12,6,,0.00,5,Rain,250
2012-6-19,69,60,51,52,48,45,88,64,43,30.12,30.09,30.04,6,6,6,9,6,,0.00,2,,226
2012-6-20,69,62,55,54,49,43,88,63,43,30.06,30.03,29.92,6,6,6,15,6,,0.00,1,,96
2012-6-21,68,60,53,61,55,48,100,83,63,29.89,29.71,29.59,6,5,2,26,11,40,0.00,4,Rain,155
2012-6-22,64,58,53,54,51,48,88,74,59,30.04,29.84,29.74,6,6,6,23,15,34,0.00,4,Rain,224
2012-6-23,68,60,53,54,48,43,82,67,43,30.12,30.10,30.04,6,6,6,18,14,25,0.00,3,Rain,232
2012-6-24,68,60,53,55,51,46,94,74,46,30.06,29.89,29.77,6,6,3,24,11,33,0.00,5,Rain,242
2012-6-25,69,62,55,55,51,48,88,66,49,30.09,30.04,29.98,6,6,6,12,8,,0.00,4,,268
2012-6-26,73,66,59,61,53,43,88,65,40,30.12,30.11,30.09,6,6,6,14,7,,0.00,5,,214
2012-6-27,73,68,64,63,61,59,88,78,64,30.12,30.03,29.92,6,6,4,13,9,,0.00,4,Rain,235
2012-6-28,82,72,60,68,61,52,94,72,39,29.89,29.68,29.56,6,6,6,20,8,,0.00,1,Rain,161
2012-6-29,69,63,57,55,54,50,88,71,49,29.74,29.68,29.65,6,6,6,22,13,31,0.00,3,,211
2012-6-30,69,63,57,57,52,46,94,69,46,29.86,29.77,29.71,6,6,4,20,12,29,0.00,4,Rain,213
2012-7-1,64,58,53,52,48,45,82,67,52,30.06,29.95,29.86,6,6,6,18,12,29,0.00,2,Rain,232
2012-7-2,66,60,55,59,53,48,94,79,56,30.06,29.99,29.95,6,6,6,17,9,,0.00,4,Rain,192
2012-7-3,66,63,60,61,59,57,94,86,73,29.95,29.94,29.89,6,6,6,12,7,18,0.00,5,Rain,189
2012-7-4,71,66,60,61,59,59,94,79,64,29.89,29.82,29.77,6,6,4,13,7,21,0.00,5,Rain,174
2012-7-5,75,68,60,59,54,50,88,66,49,29.83,29.81,29.77,6,6,6,10,5,,0.00,3,,199
2012-7-6,69,64,59,59,55,52,94,77,53,29.80,29.75,29.71,6,6,4,12,5,,0.00,3,Rain,188
2012-7-7,66,60,55,57,54,50,94,79,56,29.80,29.75,29.68,6,6,4,14,7,23,0.00,4,Rain,133
2012-7-8,66,62,59,59,57,55,94,88,68,29.80,29.69,29.62,6,6,3,12,6,,0.00,4,Rain,347
2012-7-9,66,62,59,57,56,54,94,81,64,29.89,29.86,29.80,6,6,4,14,8,,0.00,5,Rain,237
2012-7-10,64,60,57,57,54,50,88,80,63,29.89,29.85,29.80,6,6,6,14,8,22,0.00,4,Rain,233
2012-7-11,66,60,55,54,51,45,88,74,46,29.86,29.84,29.83,6,6,6,18,10,24,0.00,4,Rain-Thunderstorm,250
2012-7-12,66,58,51,55,50,45,94,76,46,29.95,29.88,29.71,6,6,6,16,10,20,0.00,4,Rain,230
2012-7-13,68,64,59,57,54,50,94,78,52,29.71,29.58,29.53,6,6,6,17,11,,0.00,5,Rain-Thunderstorm,231
2012-7-14,60,58,55,55,54,52,94,86,72,29.86,29.67,29.53,6,6,2,16,9,,0.00,5,Rain,266
2012-7-15,66,60,55,54,47,43,94,64,45,30.15,29.98,29.86,6,6,4,15,8,,0.00,3,Rain,265
2012-7-16,64,60,55,59,54,46,88,80,67,30.15,30.11,30.04,6,6,3,18,11,30,0.00,6,Rain,236
2012-7-17,73,65,57,63,57,54,94,75,60,30.24,30.17,30.12,6,6,6,15,12,,0.00,4,Rain,250
2012-7-18,66,62,59,61,57,54,88,81,68,30.12,29.92,29.77,6,6,6,17,12,,0.00,6,Rain,233
2012-7-19,68,62,57,55,52,46,88,69,49,29.92,29.84,29.74,6,6,6,16,12,,0.00,4,Rain,263
2012-7-20,64,60,55,55,53,50,94,81,59,30.12,30.02,29.92,6,6,5,9,4,,0.00,4,Rain,336
2012-7-21,68,60,53,52,49,45,94,69,43,30.33,30.23,30.12,6,6,6,6,3,,0.00,4,,82
2012-7-22,73,64,55,52,50,48,82,60,41,30.36,30.31,30.27,6,6,6,10,6,,0.00,1,,212
2012-7-23,80,68,57,55,51,46,72,52,32,30.27,30.20,30.12,6,6,6,13,6,,0.00,,,213
2012-7-24,82,72,62,59,54,50,77,54,32,30.15,30.07,29.98,6,6,6,13,3,,0.00,,,99
2012-7-25,84,73,62,59,56,52,83,59,35,30.09,30.02,29.77,6,6,6,14,3,,0.00,2,,87
2012-7-26,77,68,60,61,56,52,88,66,47,30.12,30.07,30.01,6,6,4,13,7,,0.00,,,86
2012-7-27,75,68,60,61,59,54,100,75,57,30.01,29.90,29.83,6,4,1,9,3,,0.00,4,,26
2012-7-28,71,65,59,52,46,37,72,54,35,29.86,29.84,29.80,6,6,6,14,7,,0.00,6,,282
2012-7-29,66,60,53,54,49,45,82,71,52,29.95,29.88,29.86,6,6,6,23,9,,0.00,2,Rain,236
2012-7-30,68,60,51,50,46,37,82,61,35,30.01,29.98,29.95,6,6,6,18,11,,0.00,1,,242
2012-7-31,69,61,53,61,55,50,94,80,64,30.01,29.96,29.92,6,6,4,14,7,17,0.00,4,Rain,211
2012-8-1,71,64,57,61,57,52,94,77,50,29.92,29.81,29.74,6,6,4,16,6,21,0.00,3,Rain,169
2012-8-2,69,64,60,59,55,52,88,73,56,29.89,29.84,29.77,6,6,6,17,10,,0.00,4,Rain,220
2012-8-3,71,64,57,57,53,48,88,70,46,29.92,29.90,29.86,6,6,6,16,9,,0.00,3,Rain,205
2012-8-4,68,64,59,59,55,52,94,76,56,29.89,29.83,29.80,6,6,3,16,8,,0.00,3,Rain,191
2012-8-5,71,64,57,57,54,52,94,74,50,29.80,29.74,29.68,6,6,6,10,4,,0.00,2,Rain,207
2012-8-6,69,64,60,57,54,52,88,72,53,29.98,29.80,29.71,6,6,6,17,7,,0.00,3,Rain,239
2012-8-7,68,60,53,57,52,50,94,75,52,30.18,30.11,29.98,6,6,4,15,10,,0.00,3,Rain,239
2012-8-8,73,66,60,61,57,52,94,73,50,30.24,30.19,30.15,6,6,2,9,6,,0.00,4,Rain,266
2012-8-9,77,68,59,61,56,52,88,68,41,30.33,30.28,30.24,6,6,6,12,2,,0.00,2,,113
2012-8-10,78,68,59,61,57,52,94,67,39,30.33,30.30,30.24,6,6,5,12,3,22,0.00,3,,88
2012-8-11,71,65,59,59,54,50,88,69,46,30.27,30.15,30.01,6,6,4,18,9,,0.00,1,,85
2012-8-12,78,69,60,61,57,52,94,69,39,30.01,29.90,29.86,6,5,3,13,8,,0.00,1,,113
2012-8-13,73,66,60,61,58,55,88,76,53,29.89,29.86,29.83,6,6,6,12,6,20,0.00,3,Rain,178
2012-8-14,75,68,62,63,59,55,94,72,50,29.89,29.86,29.83,6,6,5,9,5,,0.00,3,Rain,168
2012-8-15,73,68,62,64,59,52,94,76,56,29.86,29.73,29.59,6,6,3,21,10,30,0.00,2,Rain,124
2012-8-16,69,66,62,61,55,50,83,68,49,30.01,29.96,29.83,6,6,6,14,9,,0.00,2,Rain,191
2012-8-17,82,73,64,61,56,50,78,59,32,29.98,29.94,29.92,6,6,6,17,10,,0.00,3,Rain,161
2012-8-18,86,78,69,64,59,54,73,52,37,30.01,29.94,29.86,6,6,6,12,7,,0.00,,,229
2012-8-19,86,77,68,64,63,59,88,65,40,30.04,29.98,29.92,6,6,6,12,3,,0.00,1,Rain,254
2012-8-20,77,72,66,63,60,57,83,69,50,30.15,30.10,30.04,6,6,6,12,7,,0.00,3,,228
2012-8-21,73,68,62,61,57,52,83,70,47,30.12,30.04,29.98,6,6,6,16,6,,0.00,2,,235
2012-8-22,73,65,57,57,53,48,88,69,41,30.06,30.04,30.01,6,6,6,16,12,,0.00,2,Rain,245
2012-8-23,69,63,57,54,52,46,88,66,43,30.06,29.95,29.80,6,6,6,12,8,,0.00,2,,228
2012-8-24,69,64,59,59,53,50,94,72,52,29.80,29.68,29.56,6,6,6,15,7,20,0.00,3,Rain,191
2012-8-25,69,64,59,59,58,54,94,82,60,29.71,29.56,29.50,6,6,6,17,8,,0.00,4,Rain,219
2012-8-26,69,64,59,55,51,43,82,64,40,30.09,29.96,29.71,6,6,6,18,14,,0.00,4,Rain,260
2012-8-27,69,62,55,57,54,52,94,71,53,30.09,29.95,29.80,6,6,6,15,7,22,0.00,2,Rain,183
2012-8-28,71,66,60,61,56,50,94,73,46,30.01,29.91,29.80,6,6,6,16,9,,0.00,3,Rain,224
2012-8-29,69,63,57,57,55,50,88,79,52,29.98,29.91,29.86,6,6,6,23,8,30,0.00,3,Rain,193
2012-8-30,62,58,51,57,52,39,94,79,62,30.30,30.02,29.86,6,6,4,21,10,,0.00,4,Rain,273
2012-8-31,64,55,46,46,41,37,81,57,39,30.42,30.37,30.30,6,6,6,14,8,21,0.00,1,Rain,311
2012-9-1,69,63,57,59,52,46,78,69,46,30.36,30.29,30.21,6,6,6,14,6,,0.00,6,Rain,236
2012-9-2,66,60,55,61,56,52,94,82,72,30.30,30.25,30.21,6,6,3,13,9,,0.00,6,Rain,246
2012-9-3,77,68,60,61,54,45,94,66,34,30.33,30.28,30.24,6,6,4,7,4,,0.00,5,,277
2012-9-4,77,68,59,61,56,48,88,71,50,30.24,30.22,30.18,6,6,6,12,7,,0.00,5,,272
2012-9-5,68,60,53,48,46,43,82,61,43,30.42,30.32,30.27,6,6,6,12,8,,0.00,2,,3
2012-9-6,71,60,50,52,46,41,87,60,35,30.42,30.36,30.27,6,6,6,13,3,,0.00,,,251
2012-9-7,78,66,55,52,47,39,82,55,24,30.27,30.24,30.21,6,6,6,13,10,,0.00,,,244
2012-9-8,82,68,55,52,46,36,77,51,20,30.21,30.13,30.04,6,6,6,8,4,,0.00,,,212
2012-9-9,82,68,53,57,50,41,88,61,23,30.01,29.87,29.77,6,6,6,17,6,,0.00,3,,172
2012-9-10,69,66,62,59,57,55,83,74,60,29.86,29.83,29.80,6,6,4,18,12,,0.00,5,Rain,217
2012-9-11,64,60,55,55,46,36,82,59,34,30.01,29.89,29.80,6,6,6,18,13,,0.00,3,Rain,262
2012-9-12,66,57,48,54,46,41,88,67,49,30.01,29.96,29.86,6,6,6,17,10,,0.00,2,Rain,251
2012-9-13,64,56,48,50,44,39,87,64,42,30.15,30.08,29.98,6,6,6,14,8,,0.00,2,,275
2012-9-14,68,62,57,55,50,45,77,64,46,30.04,29.93,29.86,6,6,6,18,15,,0.00,5,,267
2012-9-15,69,60,51,54,49,46,82,66,46,30.06,30.03,29.98,6,6,6,10,7,,0.00,4,,243
2012-9-16,66,62,57,55,52,48,88,73,56,30.01,29.92,29.86,6,6,6,15,8,,0.00,6,,234
2012-9-17,66,62,59,55,49,41,88,65,40,29.92,29.89,29.86,6,6,6,16,11,,0.00,5,Rain,237
2012-9-18,62,58,53,52,44,37,88,62,42,30.09,29.92,29.83,6,6,6,18,11,25,0.00,2,Rain,262
2012-9-19,62,55,48,43,40,34,76,58,34,30.21,30.17,30.09,6,6,6,15,11,,0.00,2,,260
2012-9-20,64,57,50,46,44,41,76,63,42,30.21,30.13,30.09,6,6,6,14,8,,0.00,2,,215
2012-9-21,62,56,51,54,47,43,94,72,52,30.09,29.98,29.89,6,6,5,12,6,,0.00,3,Rain,240
2012-9-22,60,52,44,48,42,37,88,69,42,30.15,30.10,30.01,6,6,6,8,6,,0.00,2,,34
2012-9-23,55,52,48,52,47,43,94,85,72,30.09,29.81,29.42,6,6,3,22,9,33,0.00,5,Rain,75
2012-9-24,60,56,53,59,52,46,100,86,59,29.42,29.21,29.09,6,4,1,23,10,36,0.00,5,Rain,155
2012-9-25,60,56,51,52,47,45,88,75,63,29.21,29.20,29.18,6,6,6,17,12,25,0.00,2,Rain,188
2012-9-26,60,56,51,54,50,48,94,85,72,29.50,29.31,29.21,6,6,6,9,6,20,0.00,3,Rain,149
2012-9-27,62,56,51,52,49,45,94,79,52,29.92,29.73,29.50,6,6,3,13,5,,0.00,4,Rain,282
2012-9-28,64,57,50,54,49,45,88,79,59,29.95,29.91,29.86,6,6,4,21,10,33,0.00,4,Rain,223
2012-9-29,60,55,50,48,44,37,94,69,42,30.18,30.06,29.95,6,6,6,15,9,,0.00,4,,252
2012-9-30,62,54,46,52,47,41,82,75,63,30.18,30.08,29.98,6,6,6,16,9,,0.00,6,,214
2012-10-1,60,58,55,57,54,52,94,86,77,29.98,29.88,29.83,6,6,4,14,10,,0.00,5,Rain,213
2012-10-2,62,58,53,54,51,48,88,78,59,29.89,29.82,29.68,6,6,6,20,10,30,0.00,3,Rain,207
2012-10-3,59,54,50,52,47,39,88,74,51,29.74,29.69,29.65,6,6,6,20,12,,0.00,2,Rain,226
2012-10-4,60,54,48,46,45,43,93,72,52,29.86,29.76,29.65,6,6,6,18,9,,0.00,2,Rain,226
2012-10-5,60,54,48,59,49,45,94,82,59,29.86,29.73,29.50,6,6,3,25,10,40,0.00,5,Rain-Hail,239
2012-10-6,57,52,46,46,45,41,100,79,55,30.04,29.91,29.77,6,6,3,8,5,,0.00,3,Rain,358
2012-10-7,57,50,42,48,45,41,93,83,67,30.21,30.16,30.04,6,6,6,6,3,,0.00,1,,131
2012-10-8,53,50,48,52,50,46,94,91,82,30.18,29.98,29.89,6,4,1,10,6,,0.00,5,Rain,72
2012-10-9,55,52,48,52,46,43,94,80,67,30.06,30.01,29.92,6,6,3,12,5,,0.00,5,,58
2012-10-10,57,50,44,45,42,41,87,73,59,30.04,29.99,29.89,6,6,6,12,5,,0.00,4,,84
2012-10-11,59,52,46,57,51,43,100,90,82,29.89,29.66,29.47,6,5,2,12,7,,0.00,5,Rain,94
2012-10-12,59,54,48,55,43,36,94,70,47,29.80,29.68,29.47,6,6,6,20,14,,0.00,4,Rain,237
2012-10-13,55,50,44,45,42,39,87,77,54,29.77,29.66,29.62,6,6,6,16,6,,0.00,2,Rain,239
2012-10-14,53,46,39,41,39,36,93,75,54,29.65,29.59,29.56,6,6,6,12,7,,0.00,2,,275
2012-10-15,55,48,41,50,43,37,93,78,63,29.65,29.60,29.50,6,6,6,16,6,,0.00,3,Rain,212
2012-10-16,59,54,48,52,43,39,94,69,48,29.68,29.55,29.36,6,6,3,26,13,37,0.00,3,Rain,209
2012-10-17,60,53,46,54,49,45,94,78,55,29.62,29.48,29.36,6,6,4,20,11,29,0.00,2,Rain,161
2012-10-18,60,58,55,54,51,50,88,81,68,29.71,29.59,29.47,6,6,6,13,9,16,0.00,2,Rain,168
2012-10-19,57,55,53,54,53,52,100,95,82,29.80,29.76,29.71,6,5,2,8,3,,0.00,5,Rain,44
2012-10-20,57,54,50,52,50,48,100,89,72,30.09,30.00,29.83,6,5,2,8,5,,0.00,5,Rain,205
2012-10-21,53,52,50,52,50,46,94,92,87,30.09,30.06,30.04,6,5,1,9,6,,0.00,5,Rain,34
2012-10-22,57,55,53,57,56,52,100,99,94,30.21,30.12,30.04,2,1,0,8,4,,0.00,6,Fog,64
2012-10-23,57,55,53,55,54,54,100,97,88,30.24,30.22,30.21,2,1,0,6,4,,0.00,6,Fog-Rain,344
2012-10-24,60,58,55,55,55,54,100,93,82,30.21,30.11,30.06,3,2,0,16,6,,0.00,5,Fog-Rain,50
2012-10-25,55,52,50,55,51,43,100,89,72,30.06,30.03,29.98,6,4,1,15,12,,0.00,6,Rain,54
2012-10-26,50,44,39,45,40,34,87,78,70,30.01,29.90,29.83,6,6,5,16,11,28,0.00,6,Rain,20
2012-10-27,44,40,35,39,35,32,93,82,66,30.15,30.00,29.86,6,6,5,18,13,31,0.00,3,Rain-Snow,329
2012-10-28,48,42,35,45,39,32,93,86,76,30.12,29.98,29.86,6,6,6,14,7,,0.00,5,Rain,228
2012-10-29,55,50,46,48,45,43,100,85,72,29.86,29.78,29.74,6,6,6,15,7,,0.00,4,Rain,237
2012-10-30,50,46,42,45,40,36,93,77,58,29.74,29.65,29.50,6,6,4,12,6,,0.00,3,Rain,252
2012-10-31,53,48,44,46,42,37,82,75,67,29.50,29.22,28.91,6,6,6,18,9,31,0.00,3,Rain,173
2012-11-1,53,47,41,48,40,34,93,80,66,29.15,28.93,28.82,6,6,2,17,12,29,0.00,4,Rain-Hail,220
2012-11-2,51,46,41,39,36,36,81,72,58,29.42,29.28,29.15,6,6,6,20,11,24,0.00,2,Rain,225
2012-11-3,50,46,41,39,36,34,87,73,54,29.53,29.43,29.33,6,6,6,21,7,,0.00,2,,216
2012-11-4,48,44,39,45,39,36,100,88,81,29.53,29.35,29.12,6,6,1,24,7,,0.00,5,Rain,170
2012-11-5,48,44,39,41,38,36,100,82,62,30.01,29.72,29.47,6,5,2,12,4,,0.00,3,Rain,312
2012-11-6,50,42,35,45,39,34,93,84,66,30.21,30.12,30.04,6,6,3,14,8,,0.00,4,Rain,237
2012-11-7,50,46,42,45,42,41,93,81,71,30.30,30.24,30.18,6,6,6,16,11,,0.00,4,,236
2012-11-8,53,50,46,45,42,41,87,75,62,30.15,30.08,30.04,6,6,6,16,11,,0.00,5,,238
2012-11-9,53,50,48,46,42,39,87,76,67,30.04,29.81,29.56,6,6,6,14,6,,0.00,6,Rain,185
2012-11-10,51,46,42,48,45,39,94,87,76,29.59,29.46,29.42,6,6,6,12,7,,0.00,6,Rain,215
2012-11-11,50,44,39,41,39,37,93,82,66,30.12,29.88,29.59,6,6,5,8,6,,0.00,1,,221
2012-11-12,55,48,42,52,45,37,94,87,71,30.21,30.15,30.12,6,6,3,13,6,,0.00,6,Rain,205
2012-11-13,59,54,50,52,49,46,94,82,63,30.36,30.31,30.21,6,6,6,13,7,,0.00,5,,197
2012-11-14,53,50,44,50,46,43,100,87,72,30.36,30.31,30.27,6,5,1,10,5,,0.00,6,,100
2012-11-15,46,44,41,45,42,39,100,94,87,30.27,30.19,30.09,5,2,0,6,2,,0.00,5,Fog,109
2012-11-16,50,45,42,46,43,37,100,91,81,30.09,29.96,29.77,4,3,1,8,4,21,0.00,7,,113
2012-11-17,55,50,46,52,47,39,100,86,71,29.89,29.76,29.68,6,5,2,12,5,,0.00,6,Rain,259
2012-11-18,48,42,37,39,36,32,93,76,58,30.01,29.97,29.89,6,6,6,6,3,,0.00,1,,244
2012-11-19,53,44,35,48,41,34,93,80,62,29.98,29.87,29.80,6,6,6,15,7,25,0.00,4,Rain,156
2012-11-20,57,54,50,52,50,48,94,86,77,29.83,29.79,29.77,6,6,4,17,10,28,0.00,5,Rain,169
2012-11-21,53,48,44,48,45,41,94,87,81,30.01,29.76,29.53,6,6,4,28,10,40,0.00,4,Rain,179
2012-11-22,55,50,46,48,45,43,88,77,67,30.01,29.86,29.68,6,6,5,24,13,41,0.00,4,Rain,182
2012-11-23,51,48,42,45,42,41,93,84,67,30.01,29.88,29.71,6,6,1,15,8,,0.00,3,Rain,211
2012-11-24,50,44,39,48,44,37,100,95,87,30.01,29.82,29.33,6,3,0,15,6,,0.00,6,Fog-Rain,80
2012-11-25,55,50,44,52,43,34,100,76,62,29.71,29.59,29.21,6,6,3,30,18,44,0.00,4,Rain,209
2012-11-26,51,48,44,46,44,43,93,88,76,29.59,29.47,29.42,6,6,4,13,7,23,0.00,5,Rain,220
2012-11-27,48,45,42,45,42,39,100,88,81,29.83,29.64,29.50,6,6,3,15,9,26,0.00,5,Rain,319
2012-11-28,44,40,37,39,38,32,87,84,75,29.95,29.91,29.83,6,6,6,15,10,28,0.00,6,Rain,327
2012-11-29,42,38,33,36,33,30,87,83,70,29.92,29.89,29.86,6,6,6,13,8,,0.00,2,,301
2012-11-30,41,36,32,34,32,30,93,86,70,29.95,29.88,29.83,6,6,4,9,5,,0.00,2,,248
2012-12-1,42,36,30,36,32,28,100,85,75,30.01,29.96,29.92,6,5,1,15,7,,0.00,5,Fog-Rain,255
2012-12-2,41,36,32,30,29,27,87,75,61,30.04,30.01,29.95,6,6,6,13,8,,0.00,7,Rain,249
2012-12-3,50,44,37,48,40,32,100,84,66,29.95,29.73,29.65,6,6,3,18,9,,0.00,5,Rain-Snow,235
2012-12-4,46,40,35,37,34,32,87,79,66,29.65,29.62,29.59,6,6,6,18,12,,0.00,2,,244
2012-12-5,37,35,33,34,31,27,100,84,70,30.01,29.77,29.59,6,6,3,14,7,,0.00,4,Snow,287
2012-12-6,42,34,28,39,30,25,93,81,60,30.06,29.91,29.44,6,6,6,18,8,,0.00,5,Rain,210
2012-12-7,42,40,37,39,34,32,93,79,66,29.98,29.59,29.42,6,6,5,22,16,31,0.00,4,Rain,283
2012-12-8,42,40,37,36,35,30,87,82,65,30.30,30.21,30.01,6,6,6,13,7,,0.00,5,,282
2012-12-9,48,44,39,41,37,34,93,78,66,30.24,30.07,29.98,6,6,6,21,13,31,0.00,5,Rain,257
2012-12-10,41,37,33,34,33,30,87,79,75,30.36,30.18,30.04,6,6,6,14,10,,0.00,2,Rain,316
2012-12-11,35,32,28,32,30,28,100,92,81,30.45,30.40,30.33,6,4,0,7,4,,0.00,1,Fog,312
2012-12-12,33,28,24,34,29,25,100,95,81,30.33,30.12,29.92,6,2,0,6,3,,0.00,4,Fog,95
2012-12-13,35,30,28,34,29,27,100,88,81,29.89,29.69,29.53,6,4,1,9,5,,0.00,6,,77
2012-12-14,51,43,35,48,42,36,100,89,71,29.50,29.10,28.82,6,4,0,21,11,31,0.00,5,Fog-Rain,141
2012-12-15,51,48,44,45,43,41,87,83,76,29.44,29.29,29.09,6,6,6,14,11,,0.00,3,Rain,204
2012-12-16,50,46,42,43,41,39,93,84,71,29.56,29.52,29.47,6,6,6,13,8,,0.00,3,Rain,207
2012-12-17,48,45,42,43,40,37,93,80,71,29.68,29.57,29.47,6,6,6,15,8,,0.00,1,,225
2012-12-18,46,44,39,41,39,37,93,83,76,30.12,29.96,29.71,6,6,3,12,7,,0.00,6,Rain,279
2012-12-19,44,40,37,43,39,36,100,91,81,30.12,30.03,29.86,6,5,2,15,6,,0.00,5,Rain,93
2012-12-20,50,46,42,48,45,43,100,94,82,29.83,29.60,29.47,6,6,3,15,12,,0.00,6,Rain,113
2012-12-21,50,46,42,45,43,41,93,87,71,29.98,29.82,29.62,6,6,6,13,9,,0.00,3,,232
2012-12-22,55,50,44,54,48,41,100,92,87,29.95,29.68,29.53,6,6,3,15,7,21,0.00,5,Rain,193
2012-12-23,55,52,50,54,48,45,94,82,72,29.74,29.64,29.53,6,6,4,18,13,28,0.00,4,Rain,224
2012-12-24,53,48,44,50,46,43,100,89,82,29.74,29.49,29.30,6,6,3,25,9,37,0.00,5,Rain,189
2012-12-25,48,46,42,45,42,39,93,85,76,29.62,29.41,29.24,6,6,3,17,10,21,0.00,5,Rain,215
2012-12-26,50,46,41,46,42,37,93,84,71,29.74,29.64,29.50,6,6,4,20,10,,0.00,3,Rain,223
2012-12-27,46,44,42,43,40,36,93,80,71,30.12,29.70,29.44,6,6,3,20,13,33,0.00,5,Rain,249
2012-12-28,53,47,41,50,45,37,100,86,81,30.15,30.01,29.86,6,6,2,20,8,31,0.00,6,Rain,195
2012-12-29,53,48,44,48,44,37,88,78,72,29.86,29.64,29.47,6,6,4,23,18,34,0.00,5,Rain,198
2012-12-30,51,46,42,45,38,34,81,73,66,29.92,29.82,29.65,6,6,6,22,15,34,0.00,3,Rain,225
2012-12-31,51,50,50,48,47,45,88,84,76,29.86,29.61,29.44,6,6,5,21,16,34,0.00,6,Rain,209
2013-1-1,50,46,41,45,37,34,87,77,66,30.04,29.76,29.50,6,6,6,16,12,,0.00,4,Rain,250
2013-1-2,51,45,39,50,42,36,94,88,76,30.33,30.21,30.06,6,6,2,13,10,,0.00,6,Rain,229
2013-1-3,53,50,48,48,48,48,100,91,82,30.63,30.49,30.33,6,6,6,15,12,,0.00,4,,242
2013-1-4,51,48,46,46,44,43,93,83,76,30.66,30.63,30.60,6,6,4,15,12,,0.00,6,,253
2013-1-5,51,48,46,48,46,45,100,90,82,30.60,30.56,30.51,6,5,2,14,8,,0.00,6,,238
2013-1-6,48,46,44,46,44,43,100,94,87,30.51,30.48,30.42,6,5,1,10,6,,0.00,6,Fog,229
2013-1-7,48,46,44,45,43,43,100,89,82,30.39,30.31,30.27,6,6,3,9,6,,0.00,6,Rain,202
2013-1-8,51,50,48,46,45,43,93,83,76,30.27,30.24,30.18,6,6,3,12,8,,0.00,6,Rain,215
2013-1-9,48,42,37,48,41,36,100,88,66,30.18,30.15,30.09,6,5,2,9,5,,0.00,4,Rain,292
2013-1-10,37,35,33,36,34,32,100,94,87,30.09,30.00,29.95,6,4,3,7,3,,0.00,5,,306
2013-1-11,39,36,33,37,35,32,100,92,87,30.09,30.05,30.01,6,4,1,8,5,,0.00,6,,219
2013-1-12,39,36,33,36,33,27,100,83,61,30.01,29.93,29.89,6,5,3,21,10,,0.00,6,Rain,78
2013-1-13,39,36,33,34,28,25,81,73,65,30.15,30.08,29.98,6,6,6,12,8,,0.00,6,,10
2013-1-14,39,34,30,36,31,25,93,86,70,30.09,29.85,29.62,6,6,2,16,4,20,0.00,5,Rain-Snow,231
2013-1-15,35,32,30,32,31,28,93,86,81,29.89,29.80,29.59,6,6,4,17,10,,0.00,5,Rain-Snow,315
2013-1-16,32,29,26,30,28,23,100,95,86,30.04,29.93,29.86,6,3,0,6,2,,0.00,6,Fog,313
2013-1-17,37,30,24,30,26,23,93,84,70,30.09,30.04,29.92,6,6,5,7,3,,0.00,1,,71
2013-1-18,33,30,28,28,27,25,100,86,75,29.92,29.65,29.44,6,4,1,16,11,,0.00,6,Rain-Snow,98
2013-1-19,33,32,32,30,29,25,93,85,75,29.50,29.45,29.42,6,5,3,13,9,,0.00,6,Rain-Snow,44
2013-1-20,32,30,28,32,29,25,100,93,80,29.47,29.37,29.30,6,3,1,12,7,,0.00,6,Rain-Snow,354
2013-1-21,33,30,28,30,28,27,100,88,75,29.50,29.38,29.27,6,5,1,6,3,20,0.00,5,Rain-Snow,196
2013-1-22,37,30,24,34,29,25,100,88,70,29.71,29.59,29.50,6,3,0,18,6,,0.00,5,Fog-Snow,67
2013-1-23,37,35,33,32,30,28,87,82,75,29.83,29.77,29.71,6,5,4,14,9,,0.00,6,Rain-Snow,67
2013-1-24,35,32,30,32,28,25,93,80,65,30.15,30.02,29.83,6,6,3,9,5,,0.00,6,Rain-Snow,42
2013-1-25,37,34,30,32,28,25,93,81,70,30.12,29.95,29.62,6,6,3,15,5,,0.00,6,,135
2013-1-26,46,40,35,41,36,32,100,82,66,29.83,29.72,29.56,6,6,2,17,9,28,0.00,5,Rain,206
2013-1-27,50,46,41,48,38,32,94,74,50,29.65,29.46,29.30,6,6,4,26,17,36,0.00,3,Rain-Hail,221
2013-1-28,51,44,37,48,39,34,94,80,71,29.83,29.69,29.53,6,6,4,24,12,37,0.00,4,Rain,214
2013-1-29,55,52,50,52,49,45,94,85,76,29.65,29.61,29.56,6,6,4,25,15,41,0.00,6,Rain,220
2013-1-30,55,50,44,52,42,34,94,74,50,30.04,29.72,29.50,6,6,3,29,19,46,0.00,3,Rain,234
2013-1-31,50,47,44,45,39,36,87,71,58,30.04,29.88,29.80,6,6,6,25,17,37,0.00,2,Rain,232
2013-2-1,46,44,41,41,38,36,93,81,71,29.86,29.58,29.47,6,6,6,16,10,,0.00,3,Rain,260
2013-2-2,41,38,35,36,30,27,81,71,57,30.24,30.00,29.62,6,6,6,17,12,25,0.00,4,Rain,313
2013-2-3,48,40,33,45,36,25,87,80,70,30.24,30.07,29.92,6,6,6,21,10,,0.00,6,,234
2013-2-4,50,47,44,46,38,30,87,69,50,29.95,29.87,29.74,6,6,6,24,16,36,0.00,4,Rain,248
2013-2-5,44,40,35,37,31,25,87,71,53,29.71,29.51,29.33,6,6,4,25,17,46,0.00,3,Rain,244
2013-2-6,42,40,37,37,33,27,87,76,65,30.04,29.74,29.36,6,6,4,20,13,39,0.00,5,Rain,315
2013-2-7,41,38,35,34,29,27,93,71,57,30.09,30.05,30.01,6,6,6,12,9,,0.00,3,Rain,283
2013-2-8,41,36,32,36,31,28,93,80,61,30.15,30.09,30.04,6,6,2,16,6,,0.00,3,Rain,290
2013-2-9,39,36,33,36,33,32,93,86,81,30.15,30.07,29.89,6,6,4,9,4,21,0.00,6,Rain,197
2013-2-10,41,37,33,37,35,32,100,92,87,29.86,29.52,29.30,6,5,2,16,9,,0.00,6,Rain-Snow,115
2013-2-11,35,34,32,34,32,32,100,94,87,29.77,29.51,29.33,6,3,1,14,10,,0.00,6,Rain-Snow,37
2013-2-12,35,34,33,34,29,27,100,79,70,30.15,29.99,29.80,6,5,1,9,6,,0.00,7,Rain,24
2013-2-13,39,34,32,36,27,23,87,74,65,30.24,30.16,30.01,6,4,2,14,6,21,0.00,6,Rain-Snow,137
2013-2-14,50,44,39,45,40,36,93,80,66,30.01,29.87,29.74,6,6,3,16,11,24,0.00,3,Rain,243
2013-2-15,48,42,37,37,36,34,93,75,58,30.21,30.11,29.98,6,6,6,12,7,,0.00,4,,250
2013-2-16,50,44,37,37,33,28,81,65,43,30.24,30.22,30.21,6,6,6,6,4,,0.00,8,,194
2013-2-17,48,40,33,39,35,32,100,88,54,30.21,30.17,30.12,6,4,1,15,6,,0.00,4,,76
2013-2-18,44,38,33,37,35,32,100,86,70,30.15,30.13,30.12,6,3,1,12,7,,0.00,3,,82
2013-2-19,51,40,30,41,33,28,100,83,47,30.15,30.10,30.06,6,1,0,13,2,,0.00,3,Fog-Rain-Snow,41
2013-2-20,39,37,35,39,31,27,100,80,65,30.27,30.23,30.12,6,5,0,17,11,,0.00,6,Fog-Rain,70
2013-2-21,35,34,33,27,23,19,70,62,56,30.30,30.24,30.18,6,6,6,17,14,,0.00,7,,67
2013-2-22,33,32,32,27,23,19,75,64,56,30.18,30.13,30.09,6,6,6,16,9,,0.00,7,Snow,32
2013-2-23,35,34,32,27,24,21,80,71,60,30.21,30.14,30.09,6,6,4,12,8,,0.00,7,Rain-Snow,16
2013-2-24,35,34,33,28,26,25,75,72,65,30.27,30.23,30.18,6,6,6,13,8,,0.00,7,Rain-Snow,346
2013-2-25,39,36,33,36,33,28,93,83,75,30.39,30.33,30.24,6,6,3,15,10,,0.00,6,Rain-Snow,1
2013-2-26,41,39,37,37,37,34,100,92,87,30.57,30.49,30.39,4,2,1,12,8,,0.00,6,Rain,32
2013-2-27,42,38,35,36,33,30,93,83,66,30.57,30.54,30.51,6,5,3,10,8,,0.00,5,,32
2013-2-28,42,38,35,36,34,32,87,82,70,30.48,30.41,30.36,6,6,6,13,7,,0.00,6,,40
2013-3-1,42,40,37,39,34,30,100,78,61,30.42,30.39,30.36,6,6,1,10,6,,0.00,6,Rain,23
2013-3-2,41,36,32,30,30,28,93,73,65,30.42,30.34,30.30,6,6,5,8,5,,0.00,6,Rain,21
2013-3-3,46,38,30,36,33,28,100,84,62,30.30,30.22,30.12,6,5,3,13,4,,0.00,5,,77
2013-3-4,46,40,35,36,33,28,93,80,53,30.12,29.94,29.77,6,4,2,17,9,,0.00,6,,76
2013-3-5,60,46,33,41,38,34,100,76,45,29.74,29.66,29.59,6,3,1,8,3,18,0.00,,,93
2013-3-6,55,48,42,43,40,39,87,77,58,29.59,29.55,29.53,6,4,2,9,5,,0.00,,Rain,73
2013-3-7,48,46,44,46,44,41,100,95,87,29.53,29.45,29.39,3,1,0,10,4,,0.00,6,Fog-Rain,83
2013-3-8,48,46,44,48,46,45,100,99,93,29.56,29.47,29.39,3,1,0,8,5,,0.00,5,Fog-Rain,47
2013-3-9,46,42,37,45,40,34,100,91,81,29.68,29.61,29.53,6,4,1,9,5,,0.00,7,Rain,332
2013-3-10,37,35,33,34,32,28,93,85,75,29.77,29.71,29.65,6,6,6,14,9,,0.00,6,Rain-Snow,34
2013-3-11,33,30,28,28,25,21,87,77,64,29.77,29.75,29.74,6,6,1,20,14,31,0.00,4,Rain-Snow,42
2013-3-12,39,34,28,32,22,16,87,66,44,29.83,29.80,29.74,6,6,5,21,14,31,0.00,4,Snow,20
2013-3-13,41,37,33,32,29,25,93,76,53,29.95,29.84,29.77,6,6,5,14,8,,0.00,3,,326
2013-3-14,42,36,30,30,26,21,93,66,42,30.04,29.99,29.92,6,5,4,13,5,,0.00,2,,292
2013-3-15,46,42,37,41,36,25,87,78,56,29.92,29.74,29.59,6,6,6,18,12,32,0.00,5,Rain,210
2013-3-16,46,44,42,41,39,37,93,83,76,29.56,29.41,29.30,6,6,4,18,15,36,0.00,5,Rain,180
2013-3-17,44,40,35,41,38,34,100,88,76,29.33,29.25,29.18,6,6,5,13,8,,0.00,5,Rain,178
2013-3-18,46,39,32,41,36,32,100,88,66,29.36,29.27,29.24,6,5,3,9,4,18,0.00,5,Rain,85
2013-3-19,44,40,37,37,35,32,93,82,61,29.53,29.46,29.39,6,5,2,9,4,,0.00,5,Rain,79
2013-3-20,42,38,35,36,34,30,93,84,70,30.04,29.75,29.53,6,4,2,9,5,,0.00,6,Rain,38
2013-3-21,42,38,33,34,31,30,93,76,65,30.06,30.02,29.95,6,6,4,21,9,,0.00,5,Rain,89
2013-3-22,41,39,37,34,32,30,87,78,70,29.95,29.85,29.77,5,4,3,28,20,38,0.00,6,Rain,85
2013-3-23,37,35,33,34,33,32,100,93,87,29.89,29.84,29.77,4,2,1,21,17,30,0.00,6,Rain-Snow,69
2013-3-24,35,34,32,32,27,21,100,79,56,29.95,29.92,29.89,6,5,1,17,13,25,0.00,6,Rain-Snow,61
2013-3-25,35,34,33,25,24,21,70,66,56,29.98,29.96,29.92,6,6,6,18,11,28,0.00,5,,51
2013-3-26,35,34,32,27,23,23,80,66,60,29.95,29.93,29.89,6,6,6,16,10,,0.00,6,,48
2013-3-27,37,34,30,27,24,21,80,67,52,29.89,29.87,29.86,6,6,6,14,7,,0.00,5,,42
2013-3-28,39,34,30,28,24,19,87,66,45,29.95,29.90,29.86,6,6,4,15,6,,0.00,6,,31
2013-3-29,39,34,30,27,25,21,80,66,49,29.92,29.85,29.80,6,6,6,14,7,,0.00,5,Rain-Snow,52
2013-3-30,39,36,33,32,28,25,81,74,56,29.98,29.87,29.80,6,6,6,13,7,,0.00,6,Rain,40
2013-3-31,41,34,28,28,26,21,93,70,49,30.01,29.96,29.92,6,6,6,13,5,,0.00,5,,76
2013-4-1,41,37,33,28,25,21,81,65,49,29.92,29.88,29.86,6,6,6,21,10,29,0.00,6,Rain-Snow,64
2013-4-2,42,36,30,28,23,16,86,59,34,30.06,29.98,29.89,6,6,6,21,10,30,0.00,2,,49
2013-4-3,39,36,32,28,25,23,87,66,52,30.06,30.05,30.01,6,6,6,20,11,32,0.00,6,,39
2013-4-4,37,35,33,32,28,23,93,76,60,30.01,29.95,29.92,6,6,3,15,11,,0.00,5,Rain-Snow,31
2013-4-5,44,40,35,30,26,18,81,61,36,30.12,29.98,29.89,6,6,6,16,11,24,0.00,6,,29
2013-4-6,48,40,32,32,28,21,93,66,34,30.30,30.22,30.12,6,6,6,10,6,,0.00,4,,40
2013-4-7,50,40,30,34,28,16,93,66,27,30.30,30.12,29.92,6,6,4,14,4,,0.00,,,96
2013-4-8,48,42,37,36,32,27,87,70,46,29.89,29.70,29.56,6,5,3,17,11,,0.00,1,,78
2013-4-9,46,42,37,41,38,36,93,85,71,29.56,29.46,29.42,6,4,2,13,9,,0.00,6,Rain,78
2013-4-10,51,44,37,43,38,34,93,79,58,29.74,29.63,29.44,6,3,1,14,6,22,0.00,5,Rain,56
2013-4-11,50,46,42,45,42,41,100,92,82,29.50,29.45,29.39,6,3,1,17,10,,0.00,4,Rain,85
2013-4-12,51,48,44,46,44,41,93,84,67,29.74,29.47,29.33,6,6,4,18,8,,0.00,4,Rain,219
2013-4-13,53,48,42,50,44,39,94,85,62,29.92,29.87,29.77,6,6,5,18,9,,0.00,5,Rain-Hail,200
2013-4-14,68,60,51,50,47,45,94,67,43,29.98,29.92,29.89,6,6,3,25,15,37,0.00,4,,207
2013-4-15,60,56,50,46,45,43,82,68,55,30.06,30.03,29.95,6,6,6,17,12,28,0.00,3,,219
2013-4-16,60,55,50,46,43,37,87,66,42,30.09,29.99,29.92,6,6,6,21,12,32,0.00,3,Rain,215
2013-4-17,64,56,48,52,48,45,94,75,52,30.09,29.95,29.77,6,6,5,21,9,32,0.00,4,Rain,200
2013-4-18,57,52,46,45,39,28,82,62,41,30.09,29.92,29.80,6,6,6,33,18,47,0.00,4,Rain-Thunderstorm,235
2013-4-19,51,46,41,41,38,36,87,70,54,30.51,30.28,30.09,6,6,6,16,12,,0.00,4,Rain,300
2013-4-20,53,45,37,39,34,30,93,70,44,30.57,30.50,30.39,6,6,5,12,5,,0.00,,,81
2013-4-21,57,47,37,39,33,28,87,61,33,30.39,30.17,30.04,6,6,6,16,4,,0.00,2,,244
2013-4-22,57,50,44,46,41,36,87,71,44,30.04,30.01,29.95,6,6,6,16,8,,0.00,6,,230
2013-4-23,68,59,50,48,46,43,94,66,40,30.21,30.10,29.98,6,6,5,12,10,,0.00,4,,257
2013-4-24,66,58,51,54,49,46,88,71,56,30.27,30.22,30.18,6,6,6,15,7,,0.00,1,Rain,229
2013-4-25,71,62,53,54,50,45,94,68,38,30.27,30.13,30.01,6,5,3,17,8,25,0.00,2,Rain,234
2013-4-26,57,50,44,48,38,25,93,67,35,30.04,29.97,29.89,6,6,3,17,8,30,0.00,4,Rain,331
2013-4-27,50,46,41,41,36,30,87,72,47,30.12,29.98,29.89,6,6,6,17,7,,0.00,4,Rain,357
2013-4-28,53,45,37,37,32,28,93,61,38,30.12,30.02,29.92,6,6,6,16,6,26,0.00,2,Rain,239
2013-4-29,57,52,46,43,36,30,87,58,36,30.18,30.00,29.89,6,6,6,17,13,,0.00,4,Rain,261
2013-4-30,55,48,42,41,36,30,81,64,41,30.33,30.26,30.18,6,6,6,15,7,24,0.00,2,,49
2013-5-1,59,48,37,41,35,30,100,64,34,30.33,30.24,30.15,6,5,3,13,5,,0.00,4,,52
2013-5-2,60,50,41,37,29,16,66,46,24,30.24,30.20,30.18,6,6,6,14,5,,0.00,,,72
2013-5-3,68,55,42,43,37,32,76,53,28,30.18,30.10,30.04,6,6,6,17,5,,0.00,2,,260
2013-5-4,60,54,48,48,41,34,77,61,36,30.12,30.04,29.98,6,6,6,21,13,28,0.00,5,Rain,241
2013-5-5,64,55,46,50,44,37,82,64,49,30.21,30.17,30.12,6,6,6,12,7,18,0.00,5,,241
2013-5-6,68,60,53,48,46,43,82,60,43,30.18,30.12,30.06,6,6,6,10,4,,0.00,3,,175
2013-5-7,66,57,48,48,44,37,87,61,35,30.09,30.02,29.89,6,6,3,13,5,,0.00,,,92
2013-5-8,62,56,50,55,49,43,94,78,55,29.86,29.75,29.71,6,5,1,17,9,25,0.00,5,Rain,199
2013-5-9,57,52,46,46,40,34,87,65,41,29.86,29.78,29.68,6,6,4,28,15,41,0.00,4,Rain,213
2013-5-10,64,57,50,46,45,39,82,68,40,29.92,29.83,29.68,6,6,6,22,16,29,0.00,4,Rain,235
2013-5-11,55,50,44,48,42,37,93,76,54,29.92,29.85,29.80,6,6,5,25,12,37,0.00,4,Rain,241
2013-5-12,59,50,42,50,42,36,94,72,42,30.01,29.96,29.92,6,6,4,17,13,,0.00,5,Rain,245
2013-5-13,59,52,46,50,41,32,94,64,36,29.92,29.86,29.80,6,6,3,24,16,40,0.00,3,Rain,248
2013-5-14,51,48,46,46,42,36,93,78,54,29.83,29.62,29.27,6,6,6,22,12,,0.00,5,Rain,197
2013-5-15,57,50,44,43,39,36,87,69,44,29.56,29.37,29.18,6,6,6,25,15,40,0.00,5,Rain,217
2013-5-16,59,50,42,46,42,36,100,75,42,29.59,29.53,29.50,6,6,6,15,4,,0.00,3,Rain,113
2013-5-17,51,48,44,43,42,39,93,76,62,29.83,29.71,29.59,6,6,5,10,6,,0.00,5,,18
2013-5-18,59,54,50,46,42,39,77,65,55,29.80,29.76,29.74,6,6,6,12,7,,0.00,6,,300
2013-5-19,62,55,48,46,45,45,87,70,52,29.92,29.86,29.80,6,6,3,12,5,,0.00,4,,45
2013-5-20,62,58,53,55,53,46,94,86,77,29.89,29.86,29.83,6,5,3,13,7,,0.00,6,Rain,325
2013-5-21,60,56,51,55,48,43,88,79,71,30.09,30.00,29.89,6,6,4,13,9,,0.00,6,Rain,351
2013-5-22,57,54,48,46,42,36,87,69,51,30.09,30.07,30.01,6,6,4,17,7,,0.00,6,Rain,298
2013-5-23,50,47,44,39,36,28,76,66,43,30.01,29.92,29.89,6,6,6,18,11,24,0.00,3,Rain-Thunderstorm,308
2013-5-24,48,45,42,45,40,36,93,82,76,30.01,29.81,29.65,6,6,6,22,12,,0.00,5,Rain,293
2013-5-25,57,49,41,41,38,30,93,65,36,30.15,30.12,30.04,6,6,6,12,7,,0.00,3,,343
2013-5-26,66,55,44,41,36,30,81,50,30,30.12,30.06,29.95,6,6,6,13,6,,0.00,,,280
2013-5-27,62,54,46,41,38,34,71,52,34,29.95,29.79,29.65,6,6,6,18,10,31,0.00,2,,207
2013-5-28,55,52,50,50,47,39,94,83,58,29.65,29.54,29.47,6,6,3,15,6,,0.00,5,Rain,119
2013-5-29,53,50,48,52,47,45,94,86,77,29.77,29.65,29.56,6,6,4,10,6,,0.00,5,Rain,287
2013-5-30,55,53,51,52,50,48,100,87,77,30.01,29.84,29.74,6,6,3,12,6,,0.00,6,Rain,339
2013-5-31,69,60,51,52,50,48,88,73,49,30.09,30.06,30.01,6,6,4,13,8,,0.00,5,,328
2013-6-1,60,56,51,50,46,43,77,68,55,30.30,30.21,30.12,6,6,6,13,9,,0.00,6,Rain,335
2013-6-2,62,56,50,46,42,37,87,61,39,30.45,30.38,30.30,6,6,6,12,7,,0.00,4,,348
2013-6-3,62,55,48,46,43,37,87,67,45,30.51,30.47,30.42,6,6,6,14,5,,0.00,2,,72
2013-6-4,66,55,44,46,41,39,82,59,40,30.45,30.32,30.21,6,6,6,16,7,23,0.00,1,,41
2013-6-5,68,58,48,52,46,43,88,73,49,30.24,30.17,30.12,6,6,6,13,8,,0.00,5,,61
2013-6-6,69,58,48,52,47,45,88,67,49,30.21,30.17,30.15,6,6,6,14,9,,0.00,4,,67
2013-6-7,68,58,48,50,46,45,87,66,49,30.24,30.22,30.18,6,6,6,14,7,,0.00,1,,61
2013-6-8,60,54,48,46,45,43,87,70,52,30.24,30.16,30.09,6,6,6,15,9,22,0.00,6,,44
2013-6-9,57,54,50,46,44,41,82,71,58,30.09,30.02,29.98,6,6,6,12,9,,0.00,7,,47
2013-6-10,59,54,50,45,43,41,76,68,59,30.01,30.00,29.98,6,6,6,10,6,,0.00,7,,74
2013-6-11,62,54,46,57,51,43,88,81,68,30.01,29.95,29.92,6,6,4,13,7,,0.00,6,Rain,152
2013-6-12,64,62,59,59,55,52,94,83,68,29.92,29.86,29.83,6,6,6,18,11,31,0.00,6,Rain,208
2013-6-13,62,58,55,55,49,43,88,71,55,30.04,29.86,29.80,6,6,6,25,16,34,0.00,5,Rain,230
2013-6-14,64,57,50,50,45,36,82,65,34,30.06,30.00,29.83,6,6,6,15,10,,0.00,3,,203
2013-6-15,62,58,53,52,48,41,88,71,45,29.89,29.78,29.71,6,6,3,22,13,31,0.00,3,Rain,226
2013-6-16,62,58,53,52,47,45,82,68,52,29.98,29.94,29.89,6,6,6,13,9,,0.00,2,Rain,216
2013-6-17,68,60,53,52,48,45,88,65,43,29.98,29.96,29.92,6,6,6,17,9,,0.00,,Rain,75
2013-6-18,69,62,55,59,55,50,88,76,64,29.98,29.96,29.92,6,6,5,13,7,,0.00,4,Rain,99
2013-6-19,78,69,60,61,58,55,94,72,47,30.01,29.97,29.92,6,6,3,15,5,,0.00,2,Rain,82
2013-6-20,68,64,59,61,58,55,94,81,68,29.98,29.88,29.80,6,4,2,10,7,16,0.00,4,Rain,95
2013-6-21,69,63,57,59,56,54,88,77,60,29.89,29.82,29.77,6,6,5,15,9,,0.00,5,Rain,231
2013-6-22,64,58,53,55,51,48,94,77,59,29.86,29.73,29.68,6,6,2,22,14,32,0.00,4,Rain,214
2013-6-23,62,58,55,52,50,46,88,72,55,30.01,29.80,29.65,6,6,6,21,15,30,0.00,5,Rain,252
2013-6-24,60,56,53,46,43,41,77,62,48,30.30,30.17,30.04,6,6,6,16,12,,0.00,5,,290
2013-6-25,66,58,51,46,43,39,72,55,37,30.42,30.38,30.30,6,6,6,9,4,,0.00,2,,325
2013-6-26,69,61,53,48,46,41,82,59,37,30.45,30.40,30.36,6,6,6,13,5,,0.00,6,,273
2013-6-27,68,62,55,54,48,45,94,67,43,30.39,30.30,30.18,6,6,3,13,6,,0.00,4,Rain,291
2013-6-28,68,62,55,61,56,52,100,85,73,30.18,30.10,30.04,6,6,2,15,8,,0.00,6,Rain,270
2013-6-29,69,62,55,57,47,43,82,58,38,30.24,30.19,30.09,6,6,6,14,9,,0.00,3,Rain,307
2013-6-30,78,69,60,57,53,46,88,60,32,30.24,30.15,30.06,6,6,6,18,11,26,0.00,4,,256
2013-7-1,69,63,57,52,47,43,77,57,43,30.06,30.03,29.98,6,6,6,17,12,,0.00,3,,251
2013-7-2,64,60,55,54,49,45,82,67,49,30.01,29.86,29.68,6,6,6,15,8,,0.00,4,Rain,204
2013-7-3,69,64,59,57,55,50,94,75,56,30.01,29.78,29.62,6,6,4,15,11,,0.00,6,Rain,257
2013-7-4,75,65,55,59,55,50,94,70,50,30.24,30.10,30.01,6,6,6,15,10,,0.00,4,,245
2013-7-5,75,67,59,55,51,48,77,58,38,30.45,30.38,30.27,6,6,6,8,5,,0.00,4,,123
2013-7-6,78,66,55,59,54,50,88,65,42,30.45,30.40,30.36,6,6,3,12,5,,0.00,1,,82
2013-7-7,80,70,60,59,56,52,94,62,41,30.51,30.47,30.45,6,5,3,14,6,,0.00,1,,82
2013-7-8,78,68,57,59,54,50,82,63,39,30.54,30.50,30.45,6,6,6,14,7,,0.00,1,,62
2013-7-9,78,66,53,54,47,37,88,56,24,30.45,30.37,30.27,6,6,6,12,7,,0.00,1,,62
2013-7-10,73,64,55,57,52,46,82,66,46,30.30,30.29,30.24,6,6,6,14,7,18,0.00,3,,48
2013-7-11,69,61,53,52,47,45,77,65,40,30.33,30.28,30.24,6,6,6,14,8,,0.00,6,,54
2013-7-12,75,64,53,57,52,48,82,70,47,30.30,30.27,30.21,6,6,6,9,6,,0.00,6,,61
2013-7-13,84,72,59,63,59,55,88,66,42,30.27,30.23,30.21,6,6,6,10,4,,0.00,3,,65
2013-7-14,82,74,66,61,57,48,83,58,32,30.27,30.22,30.18,6,6,5,12,5,,0.00,1,,285
2013-7-15,86,75,64,61,49,34,78,45,17,30.24,30.21,30.18,6,6,4,8,4,,0.00,,,47
2013-7-16,86,75,64,59,55,48,73,52,29,30.21,30.20,30.18,6,6,6,13,4,,0.00,1,,107
2013-7-17,87,76,66,59,54,50,68,50,29,30.30,30.23,30.21,6,6,6,13,5,,0.00,,,91
2013-7-18,80,71,62,59,56,52,82,61,37,30.33,30.31,30.30,6,6,6,15,8,,0.00,1,,76
2013-7-19,80,70,59,59,54,50,78,57,37,30.33,30.28,30.24,6,6,6,16,8,,0.00,,,77
2013-7-20,71,66,62,59,58,54,88,76,60,30.27,30.22,30.18,6,6,6,14,9,,0.00,5,,72
2013-7-21,77,70,62,61,58,54,88,74,54,30.18,30.11,30.04,6,6,3,12,8,,0.00,6,,74
2013-7-22,91,76,62,64,60,54,88,62,29,30.06,30.01,29.95,6,5,2,12,6,20,0.00,2,,101
2013-7-23,82,75,68,66,62,57,88,68,45,29.98,29.92,29.89,6,6,4,14,7,22,0.00,1,Rain-Thunderstorm,126
2013-7-24,78,69,60,59,56,52,82,62,39,29.98,29.95,29.92,6,6,6,13,10,,0.00,1,,230
2013-7-25,77,70,62,63,59,54,94,70,44,29.95,29.91,29.89,6,6,6,14,6,16,0.00,3,Rain,195
2013-7-26,80,71,62,57,54,50,77,55,36,29.92,29.89,29.83,6,6,6,8,5,,0.00,1,,221
2013-7-27,82,73,64,66,58,50,94,65,42,29.86,29.72,29.56,6,6,2,14,6,,0.00,3,Rain,140
2013-7-28,75,68,60,63,57,54,94,69,47,29.80,29.73,29.59,6,6,3,17,13,,0.00,4,Rain,210
2013-7-29,73,68,62,61,57,52,94,70,47,29.98,29.86,29.80,6,6,6,22,12,31,0.00,3,Rain,214
2013-7-30,71,66,60,63,60,57,94,82,69,29.98,29.93,29.86,6,6,2,14,10,,0.00,4,Rain,220
2013-7-31,77,70,62,63,60,57,88,74,57,30.01,29.98,29.95,6,6,3,16,11,,0.00,6,,222
2013-8-1,91,76,62,64,62,59,94,61,34,29.95,29.82,29.68,6,6,6,15,7,26,0.00,7,,143
2013-8-2,77,70,64,63,59,54,88,68,50,29.83,29.79,29.74,6,6,6,13,9,,0.00,3,Rain-Thunderstorm,213
2013-8-3,73,66,60,59,56,50,88,72,49,30.09,29.96,29.83,6,6,6,14,10,,0.00,2,Rain,217
2013-8-4,75,68,60,57,54,50,88,65,44,30.12,30.08,30.04,6,6,6,16,10,,0.00,2,,210
2013-8-5,75,70,62,63,57,54,88,71,50,30.04,29.89,29.77,6,6,6,15,8,22,0.00,3,Rain,190
2013-8-6,73,65,57,59,51,45,83,60,38,30.04,29.99,29.92,6,6,6,13,8,,0.00,3,,296
2013-8-7,71,66,60,57,51,46,88,60,41,30.04,29.96,29.92,6,6,6,12,8,,0.00,4,,56
2013-8-8,77,67,57,55,50,45,77,58,34,30.12,30.09,30.04,6,6,6,13,4,26,0.00,1,,253
2013-8-9,75,68,60,63,55,46,94,64,38,30.18,30.08,30.04,6,6,3,15,9,18,0.00,4,Rain,264
2013-8-10,68,64,60,50,48,43,68,57,40,30.21,30.18,30.15,6,6,6,12,7,,0.00,7,,293
2013-8-11,75,70,66,54,49,46,56,46,36,30.06,30.03,30.01,6,6,6,17,14,25,0.00,6,,277
2013-8-12,69,64,59,52,48,43,77,57,38,30.09,30.02,30.01,6,6,6,17,10,,0.00,2,,269
2013-8-13,69,62,55,55,49,45,82,63,40,30.21,30.16,30.09,6,6,6,16,10,,0.00,2,,279
2013-8-14,73,64,55,59,54,50,94,71,47,30.21,30.19,30.15,6,6,6,15,8,,0.00,4,Rain,235
2013-8-15,77,70,64,63,60,57,88,73,50,30.15,30.07,30.01,6,6,6,20,10,,0.00,4,Rain,231
2013-8-16,71,68,64,61,60,59,88,80,69,30.01,29.97,29.95,6,6,6,14,10,,0.00,3,Rain,220
2013-8-17,69,64,59,61,57,52,94,79,60,29.98,29.95,29.86,6,6,6,16,9,,0.00,2,,229
2013-8-18,75,70,64,57,54,50,73,58,41,29.89,29.85,29.83,6,6,6,17,12,,0.00,3,,247
2013-8-19,71,64,57,52,49,45,77,55,40,30.30,30.10,29.92,6,6,6,16,10,,0.00,3,,295
2013-8-20,77,67,57,52,49,45,72,54,34,30.36,30.33,30.30,6,6,6,12,4,,0.00,,,231
2013-8-21,80,70,59,59,53,50,77,58,36,30.30,30.22,30.15,6,6,6,12,7,,0.00,,Rain,240
2013-8-22,68,65,62,64,62,59,94,87,78,30.15,30.11,30.06,6,6,4,9,5,,0.00,2,Rain,112
2013-8-23,77,70,62,63,61,59,94,77,57,30.06,29.97,29.86,6,5,3,15,9,,0.00,3,,96
2013-8-24,68,64,59,63,61,55,94,89,78,29.86,29.83,29.80,6,3,1,14,7,,0.00,5,Rain-Hail,307
2013-8-25,71,64,57,61,58,55,94,80,60,30.04,29.91,29.83,6,6,3,15,9,,0.00,4,Rain,20
2013-8-26,77,70,62,59,55,46,88,67,36,30.09,30.06,30.04,6,6,2,13,6,,0.00,4,,59
2013-8-27,73,63,53,57,51,43,100,65,36,30.12,30.07,30.04,6,6,0,9,4,,0.00,3,Fog,360
2013-8-28,73,64,55,55,51,45,100,64,38,30.24,30.18,30.12,6,5,0,7,4,18,0.00,6,Fog,352
2013-8-29,75,68,60,57,53,50,82,61,41,30.18,30.16,30.12,6,6,5,13,8,,0.00,2,,251
2013-8-30,77,68,60,59,57,55,88,67,47,30.15,30.09,30.04,6,6,6,17,10,,0.00,2,,251
2013-8-31,68,62,57,59,47,37,83,56,35,30.39,30.27,30.12,6,6,6,15,10,,0.00,4,,328
2013-9-1,69,61,53,52,46,43,77,58,40,30.45,30.39,30.33,6,6,6,15,9,,0.00,,,270
2013-9-2,77,66,55,59,54,50,88,65,47,30.36,30.31,30.27,6,6,6,14,10,,0.00,1,,280
2013-9-3,77,68,60,61,58,57,88,68,50,30.36,30.32,30.27,6,6,6,8,3,,0.00,5,,233
2013-9-4,78,69,60,64,61,59,94,79,54,30.27,30.14,30.01,6,5,2,15,5,,0.00,2,,88
2013-9-5,84,73,62,63,60,54,100,70,45,30.01,29.85,29.74,6,2,0,14,4,,0.00,6,Fog,320
2013-9-6,68,62,57,59,54,48,88,75,59,29.86,29.78,29.71,6,6,5,13,7,,0.00,3,Rain,227
2013-9-7,66,60,53,52,48,45,88,68,49,30.06,29.95,29.86,6,6,6,16,8,,0.00,3,Rain,189
2013-9-8,62,58,53,50,47,43,88,71,48,30.06,30.06,30.04,6,6,6,16,7,,0.00,2,Rain,226
2013-9-9,57,54,51,54,50,46,94,84,72,30.06,30.02,29.98,6,6,2,13,7,,0.00,4,Rain,5
2013-9-10,62,56,51,50,48,45,88,74,52,30.15,30.10,30.04,6,6,6,17,10,28,0.00,4,Rain,309
2013-9-11,62,58,55,54,50,46,88,73,59,30.15,30.13,30.09,6,6,5,17,12,24,0.00,6,Rain,317
2013-9-12,64,60,55,59,54,52,94,81,68,30.12,30.09,30.06,6,6,3,9,4,,0.00,5,Rain,260
2013-9-13,64,62,59,63,60,57,100,93,88,30.06,30.03,29.89,6,4,2,9,6,,0.00,5,Rain,280
2013-9-14,57,54,51,57,50,48,100,84,72,30.06,30.01,29.86,6,6,2,14,8,,0.00,6,Rain,331
2013-9-15,60,54,48,59,49,41,94,80,51,30.06,29.81,29.53,6,6,3,22,10,29,0.00,5,Rain,240
2013-9-16,60,54,48,50,41,37,76,62,42,29.65,29.60,29.56,6,6,6,21,15,37,0.00,2,Rain,264
2013-9-17,57,52,48,55,47,41,100,80,55,29.65,29.52,29.36,6,6,2,16,11,,0.00,4,Rain,245
2013-9-18,60,56,51,54,47,43,94,72,55,29.86,29.63,29.42,6,6,4,16,9,,0.00,3,Rain,304
2013-9-19,62,55,48,59,50,43,94,79,59,29.89,29.83,29.74,6,6,2,18,10,,0.00,3,Rain,244
2013-9-20,66,60,53,52,49,48,82,70,52,30.18,30.05,29.86,6,6,6,10,8,,0.00,4,,274
2013-9-21,66,60,53,61,54,48,88,79,68,30.30,30.24,30.18,6,6,6,10,7,,0.00,6,,227
2013-9-22,66,63,59,61,59,57,94,85,77,30.39,30.34,30.30,6,6,6,10,7,,0.00,6,,249
2013-9-23,68,64,57,59,57,55,94,83,68,30.33,30.25,30.12,6,6,3,9,3,,0.00,7,,99
2013-9-24,69,60,51,59,56,52,100,88,64,30.12,30.01,29.95,6,2,0,10,4,,0.00,3,Fog,85
2013-9-25,71,64,57,59,57,55,94,81,57,29.95,29.88,29.83,6,3,1,8,5,,0.00,5,Rain,74
2013-9-26,66,60,55,57,52,48,94,75,56,30.06,30.02,29.92,6,5,1,14,8,,0.00,3,,70
2013-9-27,62,56,51,52,50,48,88,77,59,30.06,30.01,29.92,6,6,4,16,8,,0.00,2,,78
2013-9-28,66,60,55,55,53,50,94,77,63,29.92,29.82,29.74,6,5,3,18,10,,0.00,1,Rain,77
2013-9-29,60,58,57,54,52,50,82,76,68,29.77,29.74,29.71,6,6,6,20,13,,0.00,6,Rain,69
2013-9-30,66,62,55,55,52,46,88,74,52,29.80,29.74,29.68,6,6,4,20,9,,0.00,4,,81
2013-10-1,64,58,53,54,52,48,94,79,56,29.83,29.80,29.77,6,5,3,18,9,,0.00,6,,91
2013-10-2,66,60,55,59,56,50,94,85,68,29.89,29.85,29.80,6,5,2,13,9,,0.00,5,Rain,105
2013-10-3,66,62,57,63,58,55,94,89,82,29.89,29.80,29.74,6,5,2,16,8,,0.00,2,Rain,111
2013-10-4,68,64,60,63,59,55,94,81,64,29.95,29.80,29.68,6,6,6,17,9,,0.00,4,Rain,207
2013-10-5,64,60,57,57,56,55,94,86,73,30.15,30.04,29.95,6,6,5,9,7,,0.00,5,Rain,254
2013-10-6,68,62,57,54,49,46,88,62,49,30.30,30.28,30.27,6,6,6,10,6,,0.00,2,,241
2013-10-7,68,60,51,57,53,50,94,80,60,30.30,30.27,30.24,6,6,1,10,7,,0.00,5,Fog,235
2013-10-8,68,64,59,59,56,55,94,79,64,30.27,30.25,30.21,6,6,4,13,8,,0.00,4,,250
2013-10-9,62,56,50,55,48,37,82,69,55,30.24,30.10,29.98,6,6,6,18,10,,0.00,4,,283
2013-10-10,53,50,48,41,39,37,71,64,54,30.09,30.06,29.98,6,6,6,20,14,32,0.00,4,,322
2013-10-11,57,52,48,54,48,41,94,83,71,30.12,30.03,29.95,6,6,2,17,13,31,0.00,5,Rain,10
2013-10-12,57,54,50,54,46,41,94,76,55,30.12,30.06,29.98,6,6,3,16,10,29,0.00,4,Rain,88
2013-10-13,53,52,50,52,48,45,94,87,76,30.01,29.82,29.77,6,6,3,15,10,,0.00,5,Rain,270
2013-10-14,55,52,50,48,46,45,94,84,67,29.77,29.74,29.71,6,6,5,15,11,,0.00,6,Rain,239
2013-10-15,55,52,50,48,47,45,94,82,72,29.95,29.83,29.74,6,6,3,14,9,,0.00,4,,290
2013-10-16,60,52,44,55,49,45,100,86,63,29.98,29.83,29.68,6,4,0,18,7,,0.00,4,Fog-Rain,185
2013-10-17,66,60,55,55,52,50,94,76,59,30.01,29.92,29.80,6,6,5,15,12,,0.00,2,,248
2013-10-18,64,58,51,55,53,50,100,86,72,30.04,29.95,29.80,6,6,4,15,6,,0.00,4,Fog,130
2013-10-19,64,60,57,59,55,52,88,84,72,29.77,29.69,29.65,6,6,6,15,7,,0.00,4,Rain,175
2013-10-20,64,60,55,55,53,50,88,81,68,29.74,29.69,29.65,6,6,2,21,10,24,0.00,2,Rain,203
2013-10-21,64,60,57,57,55,54,88,79,73,29.77,29.71,29.62,6,6,6,18,10,31,0.00,3,Rain,197
2013-10-22,66,63,60,59,56,54,88,78,72,29.62,29.46,29.36,6,6,3,15,11,,0.00,3,Rain,181
2013-10-23,64,58,51,55,51,45,88,73,55,29.86,29.50,29.27,6,6,6,24,14,43,0.00,3,Rain,229
2013-10-24,64,56,48,54,49,45,94,81,59,29.98,29.93,29.83,6,6,4,14,6,,0.00,2,,119
2013-10-25,66,60,55,59,55,54,94,81,68,29.83,29.68,29.62,6,6,4,20,12,20,0.00,3,Rain,182
2013-10-26,64,62,59,55,54,52,88,78,68,29.71,29.65,29.50,6,6,6,21,14,32,0.00,4,Rain-Hail,215
2013-10-27,62,58,55,55,50,46,88,74,55,29.50,29.42,29.30,6,6,3,26,17,44,0.00,3,Rain-Hail,225
2013-10-28,62,56,50,57,48,41,94,75,55,29.59,29.31,28.91,6,6,3,45,19,66,0.00,3,Rain-Hail,233
2013-10-29,55,50,46,43,41,36,82,71,51,30.06,29.85,29.59,6,6,6,20,13,,0.00,2,,254
2013-10-30,57,50,42,50,44,39,87,74,55,30.18,30.11,30.06,6,6,6,16,10,,0.00,4,,225
2013-10-31,57,55,53,54,51,48,94,84,72,30.06,30.01,29.95,6,6,3,17,11,,0.00,5,Rain,221
2013-11-1,59,56,53,52,50,50,94,82,72,29.95,29.78,29.56,6,6,3,15,9,,0.00,3,Rain,199
2013-11-2,60,56,51,52,47,39,94,77,58,29.59,29.48,29.39,6,6,3,23,9,37,0.00,4,Rain,236
2013-11-3,55,50,46,48,40,37,94,69,54,29.56,29.47,29.06,6,6,2,24,18,34,0.00,3,Rain,237
2013-11-4,50,46,42,48,40,36,100,77,58,29.50,29.28,29.00,6,6,3,17,10,,0.00,4,Rain,307
2013-11-5,55,48,42,50,42,36,94,76,58,29.50,29.37,29.24,6,6,3,24,10,38,0.00,4,Rain,250
2013-11-6,60,55,50,55,50,41,100,82,71,29.53,29.50,29.47,6,6,2,22,12,34,0.00,5,Rain,231
2013-11-7,59,54,50,55,44,37,88,73,54,29.77,29.71,29.53,6,6,6,21,10,36,0.00,3,Rain,255
2013-11-8,55,50,44,46,44,41,93,82,67,29.74,29.66,29.59,6,6,4,16,7,16,0.00,3,Rain,240
2013-11-9,46,44,41,43,40,37,93,84,71,29.77,29.70,29.62,6,6,4,14,8,,0.00,5,Rain,248
2013-11-10,50,46,41,43,37,34,87,73,54,30.27,30.00,29.62,6,6,6,14,7,,0.00,3,Rain,291
2013-11-11,55,47,39,54,46,34,94,86,71,30.27,30.19,30.15,6,6,2,14,6,26,0.00,6,Rain,193
2013-11-12,57,50,42,55,47,37,100,83,67,30.51,30.30,30.15,6,5,1,15,7,,0.00,4,Rain,302
2013-11-13,51,45,39,41,38,36,93,76,62,30.57,30.46,30.21,6,6,6,13,7,,0.00,3,,239
2013-11-14,50,46,42,45,39,34,87,71,62,30.39,30.22,30.09,6,6,6,20,13,30,0.00,3,Rain,293
2013-11-15,50,46,41,39,36,32,87,73,62,30.54,30.49,30.42,6,6,4,12,8,,0.00,1,,345
2013-11-16,50,44,37,45,40,34,93,84,66,30.51,30.46,30.39,6,6,5,12,5,,0.00,6,Rain,257
2013-11-17,50,48,46,46,45,43,93,86,82,30.36,30.22,30.01,6,5,1,6,3,96,0.00,7,,16
2013-11-18,50,48,46,46,45,41,100,88,81,30.01,29.84,29.77,6,4,1,13,5,,0.00,5,Rain,266
2013-11-19,44,40,35,41,32,27,87,72,57,30.06,29.93,29.80,6,6,6,14,9,,0.00,2,,310
2013-11-20,46,39,32,41,34,27,93,80,65,30.04,29.62,29.39,6,6,6,17,11,,0.00,4,Rain-Thunderstorm,270
2013-11-21,48,42,37,39,36,34,93,78,58,29.92,29.66,29.42,6,6,4,18,10,31,0.00,4,Rain,10
2013-11-22,46,42,39,37,36,34,87,77,62,30.15,30.04,29.92,6,6,6,15,8,24,0.00,2,Rain,1
2013-11-23,46,42,39,39,38,36,93,82,71,30.30,30.24,30.15,6,6,5,12,7,,0.00,5,Rain,355
2013-11-24,48,44,41,43,38,32,87,78,57,30.57,30.43,30.30,6,6,5,10,8,,0.00,6,Rain,356
2013-11-25,46,44,41,37,37,36,87,79,66,30.69,30.64,30.57,6,6,6,10,8,,0.00,5,Rain,350
2013-11-26,46,42,37,39,34,32,81,71,62,30.71,30.67,30.57,6,6,6,8,6,,0.00,6,,319
2013-11-27,51,46,42,46,44,39,93,87,81,30.57,30.52,30.48,6,5,3,8,5,,0.00,7,Rain,255
2013-11-28,50,49,48,46,45,45,93,86,82,30.57,30.55,30.51,6,4,2,6,4,,0.00,7,,311
2013-11-29,51,48,44,45,40,36,87,74,58,30.51,30.29,30.15,6,6,4,23,10,36,0.00,5,,272
2013-11-30,48,44,41,39,36,34,81,72,66,30.48,30.33,30.18,6,6,6,15,11,,0.00,6,,323
2013-12-1,50,44,39,43,39,34,87,80,71,30.57,30.50,30.45,6,6,6,9,6,,0.00,6,,278
2013-12-2,50,47,44,43,40,37,87,78,66,30.57,30.52,30.45,6,6,5,8,3,,0.00,7,,61
2013-12-3,46,44,42,39,35,32,76,70,66,30.45,30.39,30.33,6,6,6,10,4,,0.00,7,,329
2013-12-4,48,44,37,43,36,34,87,74,58,30.48,30.38,30.30,6,6,6,14,10,,0.00,6,,271
2013-12-5,51,44,37,43,34,30,87,69,53,30.48,30.20,29.98,6,6,6,29,15,44,0.00,4,Rain,263
2013-12-6,46,44,41,41,34,28,81,67,57,30.39,30.34,30.24,6,6,6,21,12,,0.00,5,Rain,274
2013-12-7,48,46,44,43,41,39,87,81,71,30.36,30.30,30.27,6,6,6,12,10,,0.00,6,,248
2013-12-8,53,48,42,45,42,39,87,78,67,30.30,30.26,30.24,6,6,6,17,12,29,0.00,3,,247
2013-12-9,53,48,42,45,43,39,93,83,67,30.42,30.38,30.30,6,6,4,15,10,,0.00,1,,235
2013-12-10,50,44,37,45,40,36,100,89,71,30.48,30.45,30.42,6,4,0,8,3,,0.00,6,Fog-Snow,134
2013-12-11,44,38,33,41,36,34,100,95,81,30.45,30.39,30.33,4,1,0,8,4,,0.00,,Fog-Snow,85
2013-12-12,50,42,35,45,41,36,100,88,81,30.30,30.25,30.21,6,3,1,8,3,,0.00,3,,207
2013-12-13,53,50,48,48,45,43,94,80,72,30.18,30.10,30.04,6,6,4,13,6,,0.00,6,Rain,208
2013-12-14,53,47,41,46,42,36,87,77,67,30.30,30.19,30.06,6,6,4,23,13,37,0.00,4,Rain,226
2013-12-15,55,52,48,52,49,45,94,86,82,30.18,30.09,30.01,6,6,2,21,14,33,0.00,5,Rain,210
2013-12-16,55,50,46,52,49,43,94,85,76,30.12,30.02,29.95,6,6,3,23,17,37,0.00,6,Rain-Hail,229
2013-12-17,46,44,41,45,40,37,100,88,81,30.27,30.16,29.98,6,5,1,12,6,,0.00,5,Rain,71
2013-12-18,51,46,42,46,44,41,100,82,71,29.98,29.74,29.30,6,6,1,23,11,41,0.00,5,Rain-Hail,202
2013-12-19,50,46,41,45,38,32,93,74,54,29.86,29.60,29.33,6,6,5,22,11,,0.00,2,Rain-Thunderstorm,233
2013-12-20,51,45,39,43,38,34,87,74,62,30.18,30.08,29.86,6,6,6,24,12,39,0.00,5,,227
2013-12-21,55,52,50,50,47,39,88,81,62,30.06,29.89,29.71,6,6,4,26,21,41,0.00,6,Rain-Hail,217
2013-12-22,51,46,42,43,38,34,82,69,54,29.92,29.81,29.71,6,6,6,23,14,37,0.00,1,Rain,237
2013-12-23,55,48,42,50,44,34,88,79,70,29.92,29.46,28.91,6,6,2,32,15,52,0.00,5,Rain-Hail,199
2013-12-24,53,48,42,48,42,37,87,77,66,29.00,28.93,28.82,6,6,3,34,20,55,0.00,4,Rain-Hail,213
2013-12-25,44,42,39,39,37,34,93,82,71,29.18,29.08,28.94,6,6,5,14,8,,0.00,3,Rain,187
2013-12-26,48,42,37,41,38,36,93,87,66,29.50,29.38,29.18,6,6,4,22,6,29,0.00,5,Rain,223
2013-12-27,53,50,46,50,41,37,88,73,58,29.27,29.14,29.03,6,6,2,28,19,47,0.00,3,Rain-Hail,217
2013-12-28,48,44,39,37,35,34,87,72,62,29.71,29.46,29.27,6,6,6,12,9,,0.00,,,237
2013-12-29,48,42,35,41,36,34,93,79,62,30.09,29.97,29.71,6,6,6,14,9,,0.00,,,228
2013-12-30,51,48,46,46,43,41,87,79,71,30.01,29.85,29.68,6,6,4,24,14,41,0.00,4,Rain,201
2013-12-31,51,48,44,46,42,37,93,81,71,29.86,29.65,29.56,6,6,6,17,11,23,0.00,5,Rain,186
2014-1-1,53,48,44,48,44,39,88,82,76,29.59,29.34,29.06,6,6,3,23,15,39,0.00,5,Rain,189
2014-1-2,51,48,44,46,43,39,87,77,62,29.47,29.34,29.09,6,6,3,16,12,28,0.00,3,Rain-Hail,219
2014-1-3,51,48,46,48,41,34,88,72,58,29.56,29.38,29.27,6,6,2,29,17,41,0.00,3,Rain-Hail,220
2014-1-4,50,46,41,45,41,36,87,79,66,29.53,29.34,29.18,6,6,5,22,13,45,0.00,4,Rain,211
2014-1-5,55,46,39,52,40,34,94,81,71,29.65,29.53,29.33,6,6,3,20,9,34,0.00,5,Rain-Hail-Thunderstorm,209
2014-1-6,57,54,50,52,45,43,88,73,63,29.50,29.38,29.30,6,6,3,24,18,36,0.00,3,Rain,221
2014-1-7,53,50,48,45,44,41,87,74,67,29.77,29.63,29.50,6,6,4,24,17,39,0.00,4,Rain-Hail,221
2014-1-8,53,50,48,50,45,43,88,81,72,29.98,29.88,29.71,6,6,3,15,10,,0.00,3,Rain,207
2014-1-9,55,48,42,50,41,36,88,73,62,29.92,29.70,29.50,6,6,6,24,16,40,0.00,4,Rain,247
2014-1-10,51,46,41,45,40,36,87,80,67,29.98,29.95,29.92,6,6,6,14,10,,0.00,3,Rain,227
2014-1-11,48,42,35,45,38,32,93,78,62,30.27,30.08,29.89,6,6,4,17,9,,0.00,5,Rain,274
2014-1-12,50,42,33,46,38,30,93,88,76,30.27,30.01,29.68,6,6,2,13,5,,0.00,5,Rain,128
2014-1-13,51,48,44,48,40,37,88,79,66,29.77,29.67,29.53,6,6,6,17,11,29,0.00,3,Rain,213
2014-1-14,44,42,39,41,35,32,87,76,61,29.74,29.65,29.53,6,6,6,13,8,,0.00,2,Rain,250
2014-1-15,53,48,44,48,46,41,94,86,82,29.65,29.48,29.33,6,6,2,15,10,,0.00,6,Rain,202
2014-1-16,51,48,46,48,43,41,88,78,67,29.33,29.25,29.15,6,6,4,16,11,28,0.00,3,Rain,194
2014-1-17,48,46,44,45,42,39,93,83,71,29.39,29.27,29.15,6,6,5,17,12,28,0.00,3,Rain,198
2014-1-18,50,48,46,45,42,41,93,80,71,29.36,29.29,29.24,6,6,6,14,9,,0.00,3,Rain,138
2014-1-19,50,46,41,45,38,32,93,76,57,29.59,29.41,29.27,6,6,6,13,7,,0.00,4,Rain,197
2014-1-20,48,42,35,41,37,34,93,87,71,29.89,29.76,29.59,6,5,0,5,2,,0.00,3,Fog,44
2014-1-21,50,42,35,43,37,34,100,89,66,29.89,29.83,29.71,6,3,0,13,4,,0.00,3,Fog-Rain,141
2014-1-22,50,46,42,45,42,37,93,83,71,29.86,29.73,29.62,6,6,6,12,8,15,0.00,5,Rain,210
2014-1-23,48,44,41,43,37,32,93,78,57,29.98,29.89,29.80,6,6,3,21,11,32,0.00,3,Rain,261
2014-1-24,48,44,39,43,38,34,93,80,66,29.98,29.94,29.89,6,6,5,12,7,,0.00,5,Rain,161
2014-1-25,53,48,42,46,41,32,93,79,58,29.98,29.89,29.71,6,5,2,26,8,39,0.00,6,Rain,248
2014-1-26,50,44,39,46,36,32,87,75,62,30.01,29.57,29.21,6,6,5,21,12,32,0.00,4,Rain,231
2014-1-27,48,42,37,37,35,30,81,74,62,29.33,29.22,29.15,6,6,6,18,14,,0.00,3,Rain,237
2014-1-28,50,46,41,39,39,37,93,81,66,29.21,29.10,29.06,6,6,2,16,10,,0.00,3,Rain,176
2014-1-29,42,40,39,39,37,36,93,86,81,29.50,29.37,29.21,6,6,4,17,11,,0.00,6,Rain,96
2014-1-30,44,42,39,41,38,37,93,89,81,29.68,29.58,29.50,6,5,2,9,7,,0.00,5,Rain,85
2014-1-31,50,44,37,46,39,36,100,86,76,29.68,29.49,29.09,6,6,2,18,7,29,0.00,5,Rain,183
2014-2-1,50,46,42,46,37,30,87,72,53,29.44,29.25,29.00,6,6,3,21,15,33,0.00,3,Rain,218
2014-2-2,51,48,44,39,37,32,81,69,50,29.86,29.70,29.44,6,6,6,18,13,26,0.00,3,,220
2014-2-3,48,44,41,39,37,34,93,78,62,29.83,29.64,29.44,6,6,6,17,10,24,0.00,2,,131
2014-2-4,48,45,42,39,37,34,87,72,58,29.56,29.44,29.18,6,6,5,22,11,36,0.00,3,Rain,175
2014-2-5,51,46,42,43,39,36,87,72,62,29.24,29.01,28.88,6,6,3,24,18,48,0.00,5,Rain,191
2014-2-6,51,46,42,48,41,36,94,79,62,29.42,29.23,28.94,6,6,4,23,14,36,0.00,4,Rain,195
2014-2-7,51,46,41,48,39,32,94,75,54,29.44,29.20,28.85,6,6,2,22,12,32,0.00,4,Rain,226
2014-2-8,50,47,44,45,39,34,87,73,62,29.12,28.91,28.82,6,6,2,29,18,48,0.00,3,Rain,208
2014-2-9,50,46,42,37,33,28,76,62,50,29.27,29.08,28.88,6,6,6,26,20,40,0.00,4,Rain,231
2014-2-10,50,44,39,43,38,34,93,81,62,29.53,29.32,29.24,6,6,6,17,7,,0.00,5,Rain,222
2014-2-11,48,44,39,41,34,28,87,71,50,29.56,29.43,29.21,6,6,4,25,12,41,0.00,3,Rain,228
2014-2-12,48,44,39,41,36,30,81,71,57,29.62,29.35,29.09,6,6,3,26,15,43,0.00,3,Rain,212
2014-2-13,46,44,41,37,32,28,76,65,50,29.53,29.31,29.21,6,6,6,23,15,31,0.00,2,Rain,239
2014-2-14,55,47,39,48,39,32,93,76,62,29.53,29.23,28.82,6,6,3,33,14,51,0.00,5,Rain,187
2014-2-15,51,46,42,39,37,36,81,67,54,29.59,29.21,28.85,6,6,4,33,25,53,0.00,4,Rain,239
2014-2-16,50,44,39,41,35,30,87,73,47,29.80,29.73,29.59,6,6,5,14,10,,0.00,1,,231
2014-2-17,51,46,41,43,41,37,93,78,62,29.83,29.77,29.71,6,6,5,15,7,26,0.00,3,Rain,170
2014-2-18,51,48,44,46,43,41,87,81,71,29.83,29.78,29.74,6,6,6,15,8,,0.00,4,Rain,202
2014-2-19,51,46,42,46,42,39,93,82,67,29.92,29.87,29.80,6,6,4,14,10,,0.00,5,,232
2014-2-20,55,50,44,48,45,39,88,79,58,29.80,29.57,29.47,6,6,4,21,12,31,0.00,5,Rain,222
2014-2-21,51,46,41,37,35,28,81,68,43,29.65,29.62,29.56,6,6,6,22,13,31,0.00,2,,239
2014-2-22,53,48,42,39,36,34,76,67,47,29.92,29.80,29.65,6,6,6,16,13,,0.00,4,,232
2014-2-23,55,52,48,45,43,37,82,72,62,29.89,29.84,29.80,6,6,6,22,15,34,0.00,5,Rain,198
2014-2-24,57,52,46,45,42,41,81,68,55,29.80,29.68,29.56,6,6,6,16,12,28,0.00,1,,181
2014-2-25,53,48,44,43,40,37,82,71,58,29.71,29.55,29.47,6,6,6,22,13,33,0.00,3,Rain,203
2014-2-26,53,48,42,39,37,30,81,69,44,30.01,29.91,29.74,6,6,6,17,9,31,0.00,2,,229
2014-2-27,53,47,41,43,37,32,87,70,47,29.95,29.72,29.62,6,6,4,18,12,26,0.00,3,Rain,224
2014-2-28,46,42,39,39,38,34,93,86,76,29.62,29.50,29.36,6,6,4,18,9,,0.00,6,Rain,56
2014-3-1,48,44,39,39,36,32,93,77,54,29.62,29.59,29.56,6,5,4,10,6,,0.00,4,,297
2014-3-2,51,45,39,43,39,34,87,78,66,29.56,29.36,29.00,6,6,4,18,10,32,0.00,5,Rain,194
2014-3-3,46,44,41,43,38,34,93,82,66,29.42,29.12,29.00,6,6,5,13,7,,0.00,4,Rain,235
2014-3-4,51,44,37,39,37,34,93,75,54,29.86,29.63,29.42,6,6,4,13,6,,0.00,3,,250
2014-3-5,57,47,37,39,36,34,87,68,44,30.27,30.12,29.89,6,6,6,12,6,,0.00,1,,239
2014-3-6,57,50,44,43,41,39,87,73,55,30.27,30.24,30.18,6,6,6,18,8,29,0.00,1,,211
2014-3-7,60,53,46,48,43,37,82,70,52,30.39,30.21,30.12,6,6,6,16,8,26,0.00,3,,235
2014-3-8,60,53,46,45,39,32,87,61,34,30.39,30.27,30.15,6,6,5,17,10,,0.00,5,,156
2014-3-9,68,58,48,43,39,36,76,54,34,30.24,30.19,30.15,6,5,3,10,6,,0.00,,,170
2014-3-10,55,48,42,46,41,37,87,76,62,30.51,30.36,30.21,6,6,5,14,6,,0.00,6,,16
2014-3-11,53,48,44,46,42,39,87,81,72,30.54,30.52,30.48,6,6,6,12,10,,0.00,7,,55
2014-3-12,59,49,39,46,42,37,100,81,54,30.54,30.48,30.42,6,5,1,9,4,,0.00,3,Fog,69
2014-3-13,62,52,41,46,43,34,100,80,34,30.45,30.41,30.36,6,2,0,9,4,,0.00,4,Fog,84
2014-3-14,62,50,39,45,41,37,100,75,42,30.42,30.33,30.24,6,2,0,15,6,,0.00,3,Fog-Rain-Snow,269
2014-3-15,64,56,48,43,40,34,82,60,32,30.36,30.29,30.24,6,6,4,18,13,,0.00,1,,283
2014-3-16,66,57,48,46,42,37,87,62,37,30.27,30.20,30.15,6,6,6,16,12,,0.00,,,264
2014-3-17,57,52,46,46,43,41,93,74,55,30.21,30.15,30.09,6,6,4,14,10,,0.00,4,,254
2014-3-18,57,52,46,46,41,37,82,68,51,30.15,30.01,29.92,6,6,6,25,13,36,0.00,5,Rain,256
2014-3-19,60,53,46,46,42,37,87,69,45,30.21,30.17,30.06,6,6,6,17,13,,0.00,,,237
2014-3-20,57,52,46,48,45,41,88,77,55,30.06,29.81,29.65,6,6,3,24,15,33,0.00,4,Rain,227
2014-3-21,53,50,46,45,38,32,87,65,44,29.77,29.68,29.50,6,6,6,21,12,30,0.00,2,Rain,234
2014-3-22,51,46,41,41,35,27,87,69,38,29.59,29.50,29.47,6,6,4,22,15,33,0.00,3,Rain,241
2014-3-23,50,44,37,37,35,30,87,72,47,29.95,29.75,29.59,6,6,6,21,11,30,0.00,3,Rain,291
2014-3-24,51,43,35,37,34,30,93,68,44,29.98,29.90,29.80,6,6,6,14,6,,0.00,2,,143
2014-3-25,50,46,41,43,39,36,93,77,62,30.01,29.80,29.71,6,6,4,16,9,,0.00,5,Rain,97
2014-3-26,48,42,37,37,36,34,100,84,58,30.09,30.03,29.95,6,5,1,17,6,,0.00,4,Rain,351
2014-3-27,51,44,37,41,37,32,93,78,54,29.95,29.91,29.86,6,6,4,16,6,,0.00,3,Rain,77
2014-3-28,55,47,39,45,41,36,100,80,51,30.01,29.98,29.92,6,3,0,15,7,,0.00,3,Fog,76
2014-3-29,66,55,44,46,44,34,100,74,30,30.01,29.96,29.92,6,4,1,18,10,30,0.00,2,,91
2014-3-30,68,57,46,48,44,37,93,71,33,29.95,29.92,29.89,6,4,2,10,5,,0.00,,,81
2014-3-31,62,56,51,50,47,45,88,73,52,29.95,29.91,29.86,6,4,3,10,5,,0.00,1,Rain,101
2014-4-1,68,58,48,50,48,45,100,75,43,29.89,29.83,29.77,6,5,3,12,3,,0.00,2,Rain,84
2014-4-2,64,57,50,52,49,46,94,81,59,29.77,29.66,29.56,5,4,2,15,9,,0.00,,,88
2014-4-3,64,58,51,52,50,48,94,80,59,29.59,29.53,29.50,6,4,1,12,8,,0.00,5,,111
2014-4-4,59,56,53,52,46,41,88,71,51,29.89,29.75,29.59,6,6,2,13,9,,0.00,6,,245
2014-4-5,60,53,46,54,47,41,88,78,59,29.95,29.93,29.89,6,6,4,16,8,,0.00,5,,215
2014-4-6,60,58,55,55,53,52,94,85,72,29.95,29.91,29.89,6,6,6,21,13,,0.00,6,Rain,219
2014-4-7,59,54,48,55,52,43,94,84,72,29.92,29.80,29.65,6,6,6,23,12,30,0.00,5,Rain,211
2014-4-8,55,50,44,43,37,32,87,62,41,30.27,30.05,29.83,6,6,6,24,16,26,0.00,2,,268
2014-4-9,62,52,42,43,42,39,93,67,45,30.30,30.27,30.21,6,6,6,12,9,,0.00,1,,250
2014-4-10,62,54,46,43,41,36,87,62,39,30.24,30.18,30.12,6,6,6,10,7,,0.00,2,,270
2014-4-11,60,55,50,46,40,34,87,58,36,30.18,30.15,30.12,6,6,5,10,7,,0.00,5,,359
2014-4-12,59,54,48,46,41,37,93,66,48,30.15,30.08,30.04,6,6,4,18,9,,0.00,2,,251
2014-4-13,60,55,50,46,41,34,87,62,42,30.21,30.15,30.09,6,6,6,18,10,,0.00,4,,276
2014-4-14,59,54,48,43,38,32,82,59,36,30.36,30.24,30.15,6,6,6,16,12,,0.00,2,,332
2014-4-15,57,49,41,41,36,32,81,64,41,30.45,30.42,30.36,6,6,6,15,6,,0.00,1,,75
2014-4-16,60,50,41,39,35,25,87,58,27,30.42,30.35,30.24,6,6,6,12,6,,0.00,1,,113
2014-4-17,62,55,48,45,40,34,71,57,34,30.24,30.11,30.04,6,6,6,16,8,,0.00,3,,274
2014-4-18,53,48,44,43,36,32,81,61,47,30.15,30.12,30.06,6,6,6,14,10,,0.00,3,,10
2014-4-19,55,48,42,41,37,34,81,64,50,30.15,30.06,29.98,6,6,6,17,9,,0.00,5,,53
2014-4-20,55,50,46,52,47,41,94,87,77,29.95,29.73,29.62,6,4,2,17,9,,0.00,6,Rain,55
2014-4-21,66,54,42,54,47,43,100,79,46,29.71,29.68,29.65,6,4,1,15,5,,0.00,3,Rain,56
2014-4-22,62,56,50,50,48,45,100,78,52,29.95,29.77,29.65,6,5,2,15,8,,0.00,4,Rain,197
2014-4-23,62,55,48,52,46,41,94,72,45,30.12,30.04,29.98,6,6,6,12,7,21,0.00,2,Rain,189
2014-4-24,62,56,51,50,48,45,94,75,52,30.12,30.07,30.01,6,6,6,12,5,,0.00,3,,106
2014-4-25,57,54,50,54,49,46,94,89,82,30.01,29.87,29.77,6,4,3,13,6,,0.00,6,Rain,348
2014-4-26,60,55,50,50,44,39,94,71,45,29.80,29.68,29.62,6,6,4,17,10,32,0.00,3,Rain,163
2014-4-27,59,54,50,48,46,41,94,76,55,29.74,29.64,29.56,6,6,4,20,12,,0.00,4,Rain,102
2014-4-28,62,56,50,50,47,43,94,76,48,29.95,29.84,29.74,6,5,2,17,8,,0.00,3,,65
2014-4-29,60,56,51,52,50,48,94,82,63,29.95,29.90,29.86,6,4,1,15,8,,0.00,4,,83
2014-4-30,68,58,48,50,46,39,100,73,40,29.92,29.90,29.86,6,4,0,14,4,,0.00,3,Fog,222
2014-5-1,57,54,50,52,50,46,100,90,82,29.95,29.85,29.80,6,4,2,7,5,,0.00,5,Rain,186
2014-5-2,53,48,44,50,44,36,94,79,62,30.39,30.20,29.98,6,6,2,13,9,,0.00,5,Rain,18
2014-5-3,57,48,39,37,34,30,81,59,41,30.42,30.37,30.33,6,6,6,10,5,,0.00,2,,51
2014-5-4,62,52,42,43,38,36,81,59,39,30.33,30.21,30.09,6,6,6,9,5,,0.00,1,,211
2014-5-5,64,54,44,45,41,37,87,58,37,30.09,29.91,29.71,6,6,6,14,7,,0.00,1,,158
2014-5-6,66,60,53,54,46,39,88,63,37,29.74,29.69,29.65,6,6,6,15,10,28,0.00,3,Rain,237
2014-5-7,62,58,53,50,45,41,82,66,51,29.86,29.78,29.71,6,6,5,23,14,24,0.00,4,Rain,247
2014-5-8,60,56,53,57,50,43,94,81,63,29.86,29.76,29.65,6,6,3,20,15,34,0.00,6,Rain,237
2014-5-9,64,58,53,52,44,37,88,60,39,29.95,29.84,29.77,6,6,6,26,17,36,0.00,3,,256
2014-5-10,64,58,51,54,48,41,94,75,52,29.89,29.64,29.50,6,6,4,28,15,39,0.00,5,Rain,231
2014-5-11,59,54,50,45,41,37,82,63,48,29.74,29.62,29.53,6,6,6,25,20,39,0.00,5,Rain,256
2014-5-12,62,56,50,46,43,36,87,66,39,29.92,29.82,29.74,6,6,6,16,13,,0.00,4,Rain-Thunderstorm,267
2014-5-13,59,54,48,48,46,41,93,77,55,30.30,30.09,29.92,6,6,6,13,8,,0.00,2,Rain,277
2014-5-14,66,57,48,50,44,37,94,66,37,30.57,30.43,30.30,6,6,6,12,7,,0.00,2,,335
2014-5-15,68,58,48,50,46,43,88,65,40,30.60,30.58,30.57,6,6,6,12,5,,0.00,1,,102
2014-5-16,71,60,50,50,48,45,94,63,43,30.60,30.48,30.36,6,6,6,8,4,,0.00,,,96
2014-5-17,73,64,55,55,52,48,77,62,46,30.33,30.21,30.09,6,6,4,8,5,,0.00,7,,228
2014-5-18,75,66,57,54,50,41,88,57,35,30.06,29.89,29.74,6,6,4,13,6,,0.00,2,,143
2014-5-19,77,66,55,55,52,46,94,65,36,29.74,29.65,29.62,6,4,2,17,9,,0.00,,,95
2014-5-20,69,64,59,55,52,48,82,66,52,29.86,29.73,29.62,6,6,4,14,8,21,0.00,1,,183
2014-5-21,66,60,55,54,49,43,94,68,48,29.86,29.78,29.56,6,6,3,14,8,,0.00,3,Rain,87
2014-5-22,64,60,55,55,51,46,100,76,52,29.62,29.58,29.50,6,6,3,17,8,23,0.00,3,Rain-Thunderstorm,159
2014-5-23,64,60,55,48,45,41,77,61,45,29.80,29.69,29.62,6,6,6,16,10,26,0.00,3,Rain,153
2014-5-24,62,56,51,54,48,45,94,77,52,29.92,29.82,29.77,6,6,5,14,7,,0.00,4,Rain,157
2014-5-25,64,58,51,50,44,37,88,63,39,30.12,30.03,29.92,6,6,6,14,9,,0.00,4,Rain,191
2014-5-26,60,56,51,52,49,43,94,77,59,30.12,30.07,30.01,6,6,4,13,5,,0.00,5,Rain,331
2014-5-27,57,54,51,55,53,50,100,93,82,30.01,29.93,29.89,6,6,2,13,9,,0.00,6,Rain,317
2014-5-28,59,55,51,54,52,50,100,89,77,29.92,29.86,29.83,6,6,2,12,8,,0.00,6,Rain,277
2014-5-29,64,60,55,55,54,52,94,81,64,30.12,29.98,29.89,6,6,3,15,7,,0.00,4,,92
2014-5-30,62,58,55,54,49,45,88,74,52,30.27,30.20,30.12,6,6,5,13,9,,0.00,6,,60
2014-5-31,66,57,48,50,46,39,93,64,42,30.30,30.26,30.24,6,6,6,8,4,,0.00,5,,344
2014-6-1,71,64,57,54,49,43,88,62,38,30.21,30.17,30.12,6,6,5,13,5,,0.00,3,,47
2014-6-2,69,63,57,54,52,48,88,68,46,30.12,30.06,30.01,6,6,5,12,6,,0.00,2,Rain,232
2014-6-3,68,62,57,55,52,48,94,74,52,30.01,29.90,29.80,6,6,6,16,8,,0.00,4,Rain,221
2014-6-4,59,54,48,52,48,41,88,77,55,29.77,29.67,29.62,6,6,6,21,8,30,0.00,4,Rain,231
2014-6-5,68,58,48,50,45,37,94,63,33,29.95,29.82,29.68,6,6,5,18,13,,0.00,4,Rain,246
2014-6-6,71,60,50,54,48,45,82,62,46,29.98,29.93,29.89,6,6,6,21,9,,0.00,,,98
2014-6-7,73,66,59,61,55,50,88,70,49,30.01,29.89,29.77,6,6,6,15,11,,0.00,2,Rain,187
2014-6-8,77,67,57,57,52,46,88,59,36,30.09,30.06,30.01,6,6,6,10,5,,0.00,1,Rain,201
2014-6-9,78,69,60,63,57,52,83,69,42,30.06,30.00,29.95,6,6,6,15,7,,0.00,3,Rain,143
2014-6-10,73,66,59,59,50,45,83,57,38,30.18,30.05,29.95,6,6,6,18,9,,0.00,3,,234
2014-6-11,73,64,55,52,49,45,88,59,36,30.39,30.29,30.18,6,6,6,13,8,,0.00,2,,264
2014-6-12,78,68,59,55,51,46,82,55,34,30.39,30.34,30.30,6,6,6,8,3,,0.00,1,,18
2014-6-13,77,68,60,55,52,48,77,54,36,30.30,30.24,30.18,6,6,6,12,5,,0.00,1,,360
2014-6-14,68,64,57,59,54,48,83,70,60,30.33,30.26,30.21,6,6,6,13,8,,0.00,4,Rain,29
2014-6-15,64,60,57,52,50,48,77,69,59,30.36,30.34,30.33,6,6,6,14,9,22,0.00,6,Rain,25
2014-6-16,62,58,55,52,50,46,88,72,59,30.36,30.34,30.33,6,6,6,15,8,,0.00,6,,11
2014-6-17,69,63,57,52,47,45,82,60,40,30.36,30.33,30.30,6,6,6,14,10,,0.00,5,,18
2014-6-18,69,63,57,55,53,50,94,71,49,30.33,30.30,30.24,6,6,3,15,8,,0.00,5,Rain,29
2014-6-19,71,63,55,59,54,48,88,74,53,30.24,30.20,30.15,6,6,4,14,5,,0.00,5,,29
2014-6-20,71,62,53,54,48,45,82,60,41,30.24,30.18,30.12,6,6,6,9,4,,0.00,3,,75
2014-6-21,75,67,59,55,49,45,82,53,38,30.15,30.10,30.06,6,6,6,14,8,,0.00,4,,278
2014-6-22,75,67,59,57,52,46,88,63,38,30.21,30.16,30.12,6,6,6,13,7,,0.00,4,,85
2014-6-23,75,67,59,57,51,45,82,58,34,30.21,30.18,30.12,6,6,6,9,4,,0.00,1,,97
2014-6-24,75,68,60,57,54,50,88,66,41,30.15,30.09,30.04,6,6,4,17,5,,0.00,4,,20
2014-6-25,69,61,53,54,46,41,88,60,37,30.09,30.07,30.04,6,6,6,13,9,20,0.00,3,,58
2014-6-26,68,62,55,55,48,45,88,63,46,30.06,29.99,29.95,6,6,6,14,7,,0.00,2,Rain,94
2014-6-27,71,64,57,57,52,48,88,66,43,29.95,29.89,29.86,6,6,6,16,8,,0.00,4,Rain,204
2014-6-28,68,62,57,55,53,48,88,74,49,29.89,29.82,29.77,6,6,6,15,6,,0.00,3,Rain,273
2014-6-29,66,60,55,55,50,43,88,74,43,30.04,29.91,29.83,6,6,6,16,8,24,0.00,4,Rain,348
2014-6-30,68,60,53,54,50,46,94,69,46,30.09,30.05,30.01,6,6,6,13,5,,0.00,2,,105
2014-7-1,73,65,57,52,47,41,77,57,31,30.18,30.12,30.06,6,6,6,17,9,,0.00,1,,92
2014-7-2,77,66,55,55,50,45,82,58,32,30.21,30.19,30.15,6,6,6,13,5,,0.00,1,,125
2014-7-3,78,69,60,54,49,37,68,48,25,30.21,30.09,29.98,6,6,6,16,10,,0.00,,,230
2014-7-4,78,69,60,59,54,50,83,58,36,29.98,29.77,29.62,6,6,6,18,11,26,0.00,2,Rain,219
2014-7-5,71,66,62,61,59,55,94,80,57,29.65,29.58,29.50,6,6,4,17,11,,0.00,6,Rain,215
2014-7-6,69,64,59,57,52,45,88,68,40,29.86,29.68,29.62,6,6,6,16,8,,0.00,3,Rain,240
2014-7-7,69,62,55,55,50,46,82,64,43,30.01,29.96,29.86,6,6,6,13,7,,0.00,2,Rain,238
2014-7-8,68,62,57,55,52,48,88,72,49,30.01,29.98,29.95,6,6,6,13,6,,0.00,2,Rain,284
2014-7-9,73,65,57,55,50,43,94,63,38,30.06,30.04,30.01,6,6,4,21,11,31,0.00,4,,333
2014-7-10,64,62,59,57,53,46,94,77,52,30.09,30.04,30.01,6,6,3,16,10,26,0.00,6,Rain,340
2014-7-11,66,62,57,61,57,54,94,88,82,30.06,30.04,30.01,6,6,3,12,7,,0.00,6,Rain,324
2014-7-12,78,68,59,63,59,57,94,76,51,30.01,29.93,29.83,6,6,4,12,5,,0.00,5,Rain,307
2014-7-13,77,70,62,63,59,50,100,73,53,29.86,29.77,29.71,6,6,4,17,9,,0.00,4,Rain,273
2014-7-14,77,68,59,57,50,45,73,57,38,29.98,29.94,29.86,6,6,6,15,10,,0.00,3,,271
2014-7-15,78,72,66,61,56,50,83,62,36,30.12,30.05,29.98,6,6,6,14,10,,0.00,6,,251
2014-7-16,80,70,60,63,56,52,88,61,39,30.15,30.12,30.09,6,6,6,13,6,,0.00,2,,262
2014-7-17,80,74,66,63,60,59,88,66,51,30.18,30.12,30.06,6,6,6,17,7,,0.00,2,Rain,82
2014-7-18,87,76,64,68,62,55,100,66,35,30.06,29.92,29.83,6,6,2,21,12,,0.00,1,Rain-Hail-Thunderstorm,113
2014-7-19,82,76,69,66,63,59,88,69,45,29.83,29.77,29.71,6,6,6,17,6,,0.00,2,Rain,153
2014-7-20,78,72,66,64,63,59,94,78,54,29.95,29.83,29.74,6,6,3,16,7,,0.00,4,Rain-Thunderstorm,262
2014-7-21,77,70,64,64,61,59,88,75,54,30.15,30.05,29.95,6,6,6,10,6,,0.00,4,,331
2014-7-22,78,69,60,64,60,57,94,71,50,30.21,30.18,30.15,6,6,4,12,7,,0.00,2,,9
2014-7-23,82,72,62,63,60,57,88,68,48,30.21,30.11,30.04,6,6,6,18,8,25,0.00,4,,51
2014-7-24,82,72,62,63,57,46,83,60,30,30.06,30.04,30.01,6,6,6,18,8,,0.00,2,,48
2014-7-25,78,71,64,64,61,57,94,77,47,30.06,30.03,30.01,6,6,2,22,6,38,0.00,2,Rain-Thunderstorm,13
2014-7-26,82,72,62,66,60,54,88,68,37,30.04,30.01,29.98,6,6,6,9,5,,0.00,2,,347
2014-7-27,77,72,68,64,56,50,78,58,41,30.06,30.01,29.98,6,6,6,10,5,,0.00,4,,316
2014-7-28,71,66,60,61,55,50,83,66,49,30.01,29.98,29.92,6,6,6,13,7,,0.00,2,Rain-Thunderstorm,20
2014-7-29,78,70,62,59,55,48,88,62,36,30.04,29.99,29.92,6,6,6,13,7,,0.00,4,Rain,342
2014-7-30,78,69,60,59,53,50,72,56,39,30.01,29.99,29.95,6,6,6,12,8,,0.00,4,,300
2014-7-31,77,70,62,59,56,52,82,62,41,29.98,29.93,29.86,6,6,6,13,9,,0.00,1,,244
2014-8-1,75,68,62,59,57,52,83,67,47,29.89,29.79,29.71,6,6,6,14,8,,0.00,3,,213
2014-8-2,75,68,60,59,57,48,82,69,50,29.71,29.64,29.59,6,6,6,17,8,,0.00,3,Rain,187
2014-8-3,75,66,57,52,48,45,77,53,34,29.89,29.81,29.71,6,6,6,16,10,,0.00,3,,234
2014-8-4,75,68,60,54,51,45,77,56,34,30.06,29.99,29.92,6,6,6,14,9,,0.00,1,,240
2014-8-5,75,67,59,59,55,50,88,64,47,30.09,30.05,29.98,6,6,6,15,8,,0.00,3,,212
2014-8-6,78,70,62,63,58,54,94,68,42,29.95,29.86,29.83,6,6,3,15,8,18,0.00,4,Rain,230
2014-8-7,80,71,62,63,55,48,82,60,32,29.95,29.93,29.89,6,6,6,13,7,,0.00,2,,265
2014-8-8,75,68,60,64,61,55,94,80,61,29.95,29.77,29.59,6,5,2,17,7,,0.00,4,Rain,103
2014-8-9,73,66,59,59,54,48,94,67,41,29.80,29.73,29.59,6,6,4,17,13,,0.00,2,Rain,235
2014-8-10,73,66,59,64,55,46,94,74,49,29.74,29.52,29.30,6,6,3,25,12,37,0.00,4,Rain,191
2014-8-11,69,63,57,54,50,46,77,65,46,29.80,29.75,29.65,6,6,6,21,16,32,0.00,2,Rain-Thunderstorm,242
2014-8-12,69,63,57,54,49,45,82,66,40,29.77,29.74,29.68,6,6,6,21,14,34,0.00,2,Rain-Thunderstorm,242
2014-8-13,69,63,57,54,51,48,82,65,49,29.77,29.68,29.65,6,6,6,18,12,,0.00,2,,265
2014-8-14,69,63,57,55,54,48,88,75,46,29.83,29.80,29.77,6,6,2,16,9,,0.00,2,Rain-Thunderstorm,253
2014-8-15,68,62,57,55,52,48,88,70,49,30.12,29.99,29.83,6,6,6,13,8,,0.00,4,Rain,317
2014-8-16,69,63,57,54,48,45,82,61,40,30.15,30.10,30.01,6,6,6,22,9,29,0.00,4,,272
2014-8-17,69,64,59,55,49,43,88,62,40,29.98,29.81,29.71,6,6,6,22,16,30,0.00,6,,258
2014-8-18,66,60,55,55,49,46,82,69,49,29.86,29.80,29.74,6,6,6,16,12,23,0.00,3,Rain,270
2014-8-19,64,58,53,46,44,39,72,58,40,30.01,29.91,29.86,6,6,6,18,12,,0.00,2,Rain,286
2014-8-20,66,58,50,46,43,37,87,60,35,30.04,30.02,30.01,6,6,6,14,8,,0.00,2,,281
2014-8-21,66,58,50,48,45,41,87,63,40,30.04,29.97,29.89,6,6,6,20,9,,0.00,3,Rain,243
2014-8-22,68,62,57,52,47,43,82,62,40,29.92,29.85,29.80,6,6,6,16,11,,0.00,3,Rain,277
2014-8-23,66,60,55,46,44,37,72,58,35,30.06,29.98,29.95,6,6,6,23,9,,0.00,3,Rain,283
2014-8-24,66,58,50,48,45,41,87,62,42,30.12,30.07,30.01,6,6,6,14,8,,0.00,,,245
2014-8-25,62,58,55,61,56,48,100,89,67,30.01,29.76,29.53,6,6,3,12,6,,0.00,6,Rain,122
2014-8-26,62,60,57,59,57,50,94,88,72,29.92,29.69,29.56,6,6,2,16,8,,0.00,5,Rain,53
2014-8-27,68,60,51,59,53,48,94,76,60,30.01,29.94,29.86,6,6,4,17,7,,0.00,4,,90
2014-8-28,71,66,60,63,58,52,94,77,53,29.92,29.85,29.80,6,6,5,16,9,25,0.00,4,Rain,211
2014-8-29,69,64,59,57,55,50,88,73,53,29.92,29.91,29.89,6,6,6,18,12,30,0.00,3,,230
2014-8-30,68,64,60,57,52,46,82,65,52,30.01,29.96,29.89,6,6,6,17,14,,0.00,4,Rain,265
2014-8-31,71,65,59,54,51,46,82,63,43,30.12,30.05,30.01,6,6,6,16,10,,0.00,3,,284
